{"v":"4.8.0","meta":{"g":"LottieFiles AE 3.1.1","a":"","k":"","d":"","tc":""},"fr":29.9700012207031,"ip":0,"op":168.00000684278,"w":2160,"h":1140,"nm":"adv play or pause","ddd":0,"assets":[{"id":"comp_0","layers":[{"ddd":0,"ind":1,"ty":0,"nm":"play","refId":"comp_1","sr":1,"ks":{"o":{"a":0,"k":100,"ix":11},"r":{"a":0,"k":0,"ix":10},"p":{"a":1,"k":[{"i":{"x":0.833,"y":0.833},"o":{"x":0.333,"y":0},"t":46,"s":[540,285,0],"to":[0,-2.667,0],"ti":[0,0,0]},{"i":{"x":0.833,"y":0.833},"o":{"x":0.333,"y":0},"t":48,"s":[540,269,0],"to":[0,0,0],"ti":[0,-2.667,0]},{"t":53.0000021587343,"s":[540,285,0]}],"ix":2},"a":{"a":0,"k":[540,540,0],"ix":1},"s":{"a":0,"k":[100,100,100],"ix":6}},"ao":0,"w":1080,"h":1080,"ip":0,"op":300.00001221925,"st":0,"bm":0},{"ddd":0,"ind":2,"ty":4,"nm":"Layer 11 Outlines","sr":1,"ks":{"o":{"a":0,"k":100,"ix":11},"r":{"a":0,"k":0,"ix":10},"p":{"a":0,"k":[539.691,543.225,0],"ix":2},"a":{"a":0,"k":[508.892,6.13,0],"ix":1},"s":{"a":0,"k":[100,100,100],"ix":6}},"ao":0,"shapes":[{"ty":"gr","it":[{"ind":0,"ty":"sh","ix":1,"ks":{"a":0,"k":{"i":[[0,0],[0,0],[0,0],[0,0]],"o":[[0,0],[0,0],[0,0],[0,0]],"v":[[508.642,-5.88],[-508.642,-5.88],[-508.642,5.88],[508.642,5.88]],"c":true},"ix":2},"nm":"Path 1","mn":"ADBE Vector Shape - Group","hd":false},{"ty":"fl","c":{"a":0,"k":[0.772549079446,0.823529471603,0.972549079446,1],"ix":4},"o":{"a":0,"k":100,"ix":5},"r":1,"bm":0,"nm":"Fill 1","mn":"ADBE Vector Graphic - Fill","hd":false},{"ty":"tr","p":{"a":0,"k":[508.892,6.13],"ix":2},"a":{"a":0,"k":[0,0],"ix":1},"s":{"a":0,"k":[100,100],"ix":3},"r":{"a":0,"k":0,"ix":6},"o":{"a":0,"k":100,"ix":7},"sk":{"a":0,"k":0,"ix":4},"sa":{"a":0,"k":0,"ix":5},"nm":"Transform"}],"nm":"Group 1","np":2,"cix":2,"bm":0,"ix":1,"mn":"ADBE Vector Group","hd":false}],"ip":0,"op":300.00001221925,"st":0,"bm":0},{"ddd":0,"ind":3,"ty":0,"nm":"Cee Animation","refId":"comp_2","sr":1,"ks":{"o":{"a":0,"k":100,"ix":11},"r":{"a":0,"k":0,"ix":10},"p":{"a":1,"k":[{"i":{"x":0,"y":1},"o":{"x":0.333,"y":0},"t":40,"s":[540,381,0],"to":[0,-18,0],"ti":[0,0,0]},{"i":{"x":0.833,"y":1},"o":{"x":0.333,"y":0},"t":48,"s":[540,273,0],"to":[0,0,0],"ti":[0,-18,0]},{"t":60.0000024438501,"s":[540,381,0]}],"ix":2},"a":{"a":0,"k":[540,540,0],"ix":1},"s":{"a":0,"k":[-23,23,100],"ix":6}},"ao":0,"w":1080,"h":1080,"ip":0,"op":325.000013237521,"st":0,"bm":0},{"ddd":0,"ind":4,"ty":4,"nm":"Layer 19 Outlines","sr":1,"ks":{"o":{"a":0,"k":100,"ix":11},"r":{"a":0,"k":0,"ix":10},"p":{"a":0,"k":[579.936,521.198,0],"ix":2},"a":{"a":0,"k":[76.914,29.602,0],"ix":1},"s":{"a":0,"k":[100,100,100],"ix":6}},"ao":0,"shapes":[{"ty":"gr","it":[{"ind":0,"ty":"sh","ix":1,"ks":{"a":0,"k":{"i":[[-4.488,-15.166],[-6.427,3.303],[6.121,3.299],[17.751,2.478],[9.588,5.159],[1.327,-6.396],[12.547,0.516],[24.789,-2.578],[0,0]],"o":[[0,0],[6.427,-3.299],[-9.077,-4.849],[-16.015,-2.268],[-9.18,-4.952],[-1.021,4.746],[-12.548,-0.515],[-24.893,2.581],[0,0]],"v":[[-72.176,26.774],[70.237,26.049],[64.013,-3.868],[40.041,-27.084],[18.72,-15.423],[3.725,-12.536],[-10.252,-4.487],[-46.771,-11.917],[-68.299,9.851]],"c":true},"ix":2},"nm":"Path 1","mn":"ADBE Vector Shape - Group","hd":false},{"ty":"fl","c":{"a":0,"k":[0.772549079446,0.823529471603,0.972549079446,1],"ix":4},"o":{"a":0,"k":100,"ix":5},"r":1,"bm":0,"nm":"Fill 1","mn":"ADBE Vector Graphic - Fill","hd":false},{"ty":"tr","p":{"a":0,"k":[76.914,29.602],"ix":2},"a":{"a":0,"k":[0,0],"ix":1},"s":{"a":0,"k":[100,100],"ix":3},"r":{"a":0,"k":0,"ix":6},"o":{"a":0,"k":100,"ix":7},"sk":{"a":0,"k":0,"ix":4},"sa":{"a":0,"k":0,"ix":5},"nm":"Transform"}],"nm":"Group 1","np":2,"cix":2,"bm":0,"ix":1,"mn":"ADBE Vector Group","hd":false}],"ip":0,"op":300.00001221925,"st":0,"bm":0},{"ddd":0,"ind":5,"ty":4,"nm":"Layer 20 Outlines","sr":1,"ks":{"o":{"a":0,"k":100,"ix":11},"r":{"a":0,"k":0,"ix":10},"p":{"a":0,"k":[782.841,458.418,0],"ix":2},"a":{"a":0,"k":[217.184,82.683,0],"ix":1},"s":{"a":0,"k":[100,100,100],"ix":6}},"ao":0,"shapes":[{"ty":"gr","it":[{"ind":0,"ty":"sh","ix":1,"ks":{"a":0,"k":{"i":[[1.021,-0.103],[0,0.825],[0.202,0.207],[-0.512,0.722],[-0.714,-0.516],[-6.426,-7.942],[-0.715,-12.792]],"o":[[-0.918,0],[-1.224,-22.8],[-0.715,-0.618],[0.611,-0.722],[0.306,0.206],[5.915,7.328],[-0.103,1.031]],"v":[[13.006,23.471],[11.374,21.922],[-13.924,-20.275],[-14.23,-22.646],[-11.887,-22.955],[0.867,-9.958],[14.742,21.613]],"c":true},"ix":2},"nm":"Path 1","mn":"ADBE Vector Shape - Group","hd":false},{"ty":"fl","c":{"a":0,"k":[0,0,0,1],"ix":4},"o":{"a":0,"k":100,"ix":5},"r":1,"bm":0,"nm":"Fill 1","mn":"ADBE Vector Graphic - Fill","hd":false},{"ty":"tr","p":{"a":0,"k":[326.852,53.745],"ix":2},"a":{"a":0,"k":[0,0],"ix":1},"s":{"a":0,"k":[100,100],"ix":3},"r":{"a":0,"k":0,"ix":6},"o":{"a":0,"k":100,"ix":7},"sk":{"a":0,"k":0,"ix":4},"sa":{"a":0,"k":0,"ix":5},"nm":"Transform"}],"nm":"Group 1","np":2,"cix":2,"bm":0,"ix":1,"mn":"ADBE Vector Group","hd":false},{"ty":"gr","it":[{"ind":0,"ty":"sh","ix":1,"ks":{"a":0,"k":{"i":[[20.607,0],[10.303,-10.935],[-3.261,-7.74],[-9.691,0],[0,0],[1.529,5.674],[29.587,-5.571],[0.306,0.309],[0,0.516],[7.753,26.514],[30.298,5.881],[19.177,-27.855],[0.103,-0.206],[0.715,0],[0.103,0.622],[42.334,-1.963],[10.915,-9.389],[0.202,-21.975],[0.405,-0.31],[0.409,0.103]],"o":[[-14.18,0],[-10.813,11.452],[6.121,14.548],[0,0],[6.936,-2.478],[-2.959,-11.554],[-0.406,0.103],[-0.306,-0.309],[0,-0.206],[-10.304,-35.286],[-30.299,-5.88],[-14.383,20.944],[-0.203,0.725],[-0.712,0],[-0.104,-0.619],[-15.201,0.721],[-14.283,12.07],[0,0.519],[-0.409,0.309],[-0.409,-0.309]],"v":[[-163.578,8.872],[-202.956,23.007],[-208.875,53.753],[-176.944,79.546],[205.304,79.546],[211.628,64.379],[163.273,42.095],[162.049,41.786],[161.54,40.545],[155.114,-11.243],[93.802,-73.25],[19.231,-40.133],[-0.764,4.126],[-2.194,5.263],[-3.62,4.126],[-58.605,-52.615],[-99.819,-36.83],[-121.752,14.546],[-122.364,15.787],[-123.691,15.993]],"c":true},"ix":2},"nm":"Path 1","mn":"ADBE Vector Shape - Group","hd":false},{"ind":1,"ty":"sh","ix":2,"ks":{"a":0,"k":{"i":[[0.103,0],[0,0],[6.732,15.785],[-11.836,12.586],[-22.648,-2.168],[-4.385,-1.443],[-14.284,12.177],[-15.916,0.722],[-11.63,-19.707],[-1.633,-5.674],[-10.506,15.373],[-31.216,-6.087],[-10.609,-35.9],[0.103,-6.395],[-6.629,-3.818],[-2.041,-7.842],[7.447,-2.475]],"o":[[0,0],[-10.813,0],[-3.571,-8.564],[11.015,-11.764],[13.363,1.238],[0.715,-21.665],[11.527,-9.699],[18.565,-0.824],[5.609,9.489],[2.55,-8.251],[19.59,-28.58],[31.117,6.086],[6.629,22.803],[16.222,-2.581],[8.163,4.746],[2.244,8.871],[-0.306,0.103]],"v":[[205.61,82.433],[-176.84,82.433],[-211.524,54.887],[-205.098,20.945],[-153.684,6.294],[-124.712,12.381],[-101.757,-39.205],[-58.708,-55.609],[-12.597,-26.719],[-2.091,-1.961],[16.78,-41.886],[94.413,-76.346],[158.073,-12.175],[164.702,38.689],[198.671,43.745],[214.69,63.554],[206.222,82.33]],"c":true},"ix":2},"nm":"Path 2","mn":"ADBE Vector Shape - Group","hd":false},{"ty":"mm","mm":1,"nm":"Merge Paths 1","mn":"ADBE Vector Filter - Merge","hd":false},{"ty":"fl","c":{"a":0,"k":[0,0,0,1],"ix":4},"o":{"a":0,"k":100,"ix":5},"r":1,"bm":0,"nm":"Fill 1","mn":"ADBE Vector Graphic - Fill","hd":false},{"ty":"tr","p":{"a":0,"k":[217.184,82.683],"ix":2},"a":{"a":0,"k":[0,0],"ix":1},"s":{"a":0,"k":[100,100],"ix":3},"r":{"a":0,"k":0,"ix":6},"o":{"a":0,"k":100,"ix":7},"sk":{"a":0,"k":0,"ix":4},"sa":{"a":0,"k":0,"ix":5},"nm":"Transform"}],"nm":"Group 2","np":4,"cix":2,"bm":0,"ix":2,"mn":"ADBE Vector Group","hd":false}],"ip":0,"op":300.00001221925,"st":0,"bm":0},{"ddd":0,"ind":6,"ty":4,"nm":"Layer 21 Outlines","sr":1,"ks":{"o":{"a":0,"k":100,"ix":11},"r":{"a":0,"k":0,"ix":10},"p":{"a":0,"k":[207.584,482.871,0],"ix":2},"a":{"a":0,"k":[140.57,56.786,0],"ix":1},"s":{"a":0,"k":[100,100,100],"ix":6}},"ao":0,"shapes":[{"ty":"gr","it":[{"ind":0,"ty":"sh","ix":1,"ks":{"a":0,"k":{"i":[[0,0],[-2.958,12.585],[0,0],[-36.113,1.753],[0,0],[-46.416,-3.299],[0,0],[-16.016,-17.332],[0,0]],"o":[[0,0],[2.958,-12.589],[0,0],[36.113,-1.753],[0,0],[46.416,3.303],[0,0],[20.505,21.872],[0,0]],"v":[[-122.876,56.536],[-137.362,33.944],[-118.286,19.704],[-87.273,-33.118],[-40.959,2.889],[22.188,-53.237],[78.092,4.539],[119.815,-0.723],[104.513,56.536]],"c":true},"ix":2},"nm":"Path 1","mn":"ADBE Vector Shape - Group","hd":false},{"ty":"fl","c":{"a":0,"k":[0.772549079446,0.823529471603,0.972549079446,1],"ix":4},"o":{"a":0,"k":100,"ix":5},"r":1,"bm":0,"nm":"Fill 1","mn":"ADBE Vector Graphic - Fill","hd":false},{"ty":"tr","p":{"a":0,"k":[140.57,56.786],"ix":2},"a":{"a":0,"k":[0,0],"ix":1},"s":{"a":0,"k":[100,100],"ix":3},"r":{"a":0,"k":0,"ix":6},"o":{"a":0,"k":100,"ix":7},"sk":{"a":0,"k":0,"ix":4},"sa":{"a":0,"k":0,"ix":5},"nm":"Transform"}],"nm":"Group 1","np":2,"cix":2,"bm":0,"ix":1,"mn":"ADBE Vector Group","hd":false}],"ip":0,"op":300.00001221925,"st":0,"bm":0}]},{"id":"comp_1","layers":[{"ddd":0,"ind":1,"ty":4,"nm":"Shape Layer 1","sr":1,"ks":{"o":{"a":0,"k":100,"ix":11},"r":{"a":0,"k":0,"ix":10},"p":{"a":0,"k":[540,352,0],"ix":2},"a":{"a":0,"k":[-4,-192,0],"ix":1},"s":{"a":0,"k":[100,100,100],"ix":6}},"ao":0,"shapes":[{"ty":"gr","it":[{"ty":"rc","d":1,"s":{"a":0,"k":[24,76],"ix":2},"p":{"a":0,"k":[0,0],"ix":3},"r":{"a":0,"k":20,"ix":4},"nm":"Rectangle Path 1","mn":"ADBE Vector Shape - Rect","hd":false},{"ty":"st","c":{"a":0,"k":[0.901961023667,0.717646998985,0.133333004222,1],"ix":3},"o":{"a":0,"k":100,"ix":4},"w":{"a":0,"k":0,"ix":5},"lc":1,"lj":1,"ml":1,"bm":0,"nm":"Stroke 1","mn":"ADBE Vector Graphic - Stroke","hd":false},{"ty":"fl","c":{"a":0,"k":[0.286274522543,0.360784322023,0.909803986549,1],"ix":4},"o":{"a":0,"k":100,"ix":5},"r":1,"bm":0,"nm":"Fill 1","mn":"ADBE Vector Graphic - Fill","hd":false},{"ty":"tr","p":{"a":0,"k":[15,-192],"ix":2},"a":{"a":0,"k":[0,0],"ix":1},"s":{"a":0,"k":[100,100],"ix":3},"r":{"a":0,"k":0,"ix":6},"o":{"a":0,"k":100,"ix":7},"sk":{"a":0,"k":0,"ix":4},"sa":{"a":0,"k":0,"ix":5},"nm":"Transform"}],"nm":"Rectangle 2","np":3,"cix":2,"bm":0,"ix":1,"mn":"ADBE Vector Group","hd":false},{"ty":"gr","it":[{"ty":"rc","d":1,"s":{"a":0,"k":[24,76],"ix":2},"p":{"a":0,"k":[0,0],"ix":3},"r":{"a":0,"k":188,"ix":4},"nm":"Rectangle Path 1","mn":"ADBE Vector Shape - Rect","hd":false},{"ty":"st","c":{"a":0,"k":[0.901961023667,0.717646998985,0.133333004222,1],"ix":3},"o":{"a":0,"k":100,"ix":4},"w":{"a":0,"k":0,"ix":5},"lc":1,"lj":1,"ml":4,"bm":0,"nm":"Stroke 1","mn":"ADBE Vector Graphic - Stroke","hd":false},{"ty":"fl","c":{"a":0,"k":[0.286274522543,0.360784322023,0.909803986549,1],"ix":4},"o":{"a":0,"k":100,"ix":5},"r":1,"bm":0,"nm":"Fill 1","mn":"ADBE Vector Graphic - Fill","hd":false},{"ty":"tr","p":{"a":0,"k":[-24,-192],"ix":2},"a":{"a":0,"k":[0,0],"ix":1},"s":{"a":0,"k":[100,100],"ix":3},"r":{"a":0,"k":0,"ix":6},"o":{"a":0,"k":100,"ix":7},"sk":{"a":0,"k":0,"ix":4},"sa":{"a":0,"k":0,"ix":5},"nm":"Transform"}],"nm":"Rectangle 1","np":3,"cix":2,"bm":0,"ix":2,"mn":"ADBE Vector Group","hd":false}],"ip":48.0000019550801,"op":300.00001221925,"st":0,"bm":0},{"ddd":0,"ind":2,"ty":4,"nm":"play Outlines","sr":1,"ks":{"o":{"a":0,"k":100,"ix":11},"r":{"a":0,"k":0,"ix":10},"p":{"a":0,"k":[543.843,354.748,0],"ix":2},"a":{"a":0,"k":[29.906,35.999,0],"ix":1},"s":{"a":0,"k":[100,100,100],"ix":6}},"ao":0,"shapes":[{"ty":"gr","it":[{"ind":0,"ty":"sh","ix":1,"ks":{"a":0,"k":{"i":[[4.695,2.785],[0,0],[0,-5.468],[0,0],[-4.794,2.785],[0,0]],"o":[[0,0],[-4.695,-2.786],[0,0],[0,5.571],[0,0],[4.695,-2.579]],"v":[[25.961,-6.139],[-19.944,-32.962],[-30.656,-26.772],[-30.656,26.772],[-19.944,32.964],[25.961,6.139]],"c":true},"ix":2},"nm":"Path 1","mn":"ADBE Vector Shape - Group","hd":false},{"ty":"fl","c":{"a":0,"k":[0.286274509804,0.360784313725,0.909803981407,1],"ix":4},"o":{"a":0,"k":100,"ix":5},"r":1,"bm":0,"nm":"Fill 1","mn":"ADBE Vector Graphic - Fill","hd":false},{"ty":"tr","p":{"a":0,"k":[30.906,35.999],"ix":2},"a":{"a":0,"k":[0,0],"ix":1},"s":{"a":0,"k":[100,100],"ix":3},"r":{"a":0,"k":0,"ix":6},"o":{"a":0,"k":100,"ix":7},"sk":{"a":0,"k":0,"ix":4},"sa":{"a":0,"k":0,"ix":5},"nm":"Transform"}],"nm":"Group 1","np":2,"cix":2,"bm":0,"ix":1,"mn":"ADBE Vector Group","hd":false}],"ip":0,"op":48.0000019550801,"st":0,"bm":0},{"ddd":0,"ind":3,"ty":4,"nm":"Layer 9 Outlines","sr":1,"ks":{"o":{"a":0,"k":100,"ix":11},"r":{"a":0,"k":0,"ix":10},"p":{"a":0,"k":[539.435,354.851,0],"ix":2},"a":{"a":0,"k":[79.363,80.258,0],"ix":1},"s":{"a":0,"k":[100,100,100],"ix":6}},"ao":0,"shapes":[{"ty":"gr","it":[{"ind":0,"ty":"sh","ix":1,"ks":{"a":0,"k":{"i":[[-3.492,0],[0,3.533],[3.492,0],[0,-3.532]],"o":[[3.492,0],[0,-3.532],[-3.492,0],[0,3.533]],"v":[[0,6.396],[6.324,0],[0,-6.396],[-6.324,0]],"c":true},"ix":2},"nm":"Path 1","mn":"ADBE Vector Shape - Group","hd":false},{"ty":"fl","c":{"a":0,"k":[0.772549079446,0.823529471603,0.972549079446,1],"ix":4},"o":{"a":0,"k":100,"ix":5},"r":1,"bm":0,"nm":"Fill 1","mn":"ADBE Vector Graphic - Fill","hd":false},{"ty":"tr","p":{"a":0,"k":[135.112,136.538],"ix":2},"a":{"a":0,"k":[0,0],"ix":1},"s":{"a":0,"k":[100,100],"ix":3},"r":{"a":0,"k":0,"ix":6},"o":{"a":0,"k":100,"ix":7},"sk":{"a":0,"k":0,"ix":4},"sa":{"a":0,"k":0,"ix":5},"nm":"Transform"}],"nm":"Group 1","np":2,"cix":2,"bm":0,"ix":1,"mn":"ADBE Vector Group","hd":false},{"ty":"gr","it":[{"ind":0,"ty":"sh","ix":1,"ks":{"a":0,"k":{"i":[[-3.495,0],[0,3.533],[3.492,0],[0,-3.532]],"o":[[3.492,0],[0,-3.532],[-3.495,0],[0,3.533]],"v":[[0.002,6.396],[6.326,0],[0.002,-6.396],[-6.326,0]],"c":true},"ix":2},"nm":"Path 1","mn":"ADBE Vector Shape - Group","hd":false},{"ty":"fl","c":{"a":0,"k":[0.772549079446,0.823529471603,0.972549079446,1],"ix":4},"o":{"a":0,"k":100,"ix":5},"r":1,"bm":0,"nm":"Fill 1","mn":"ADBE Vector Graphic - Fill","hd":false},{"ty":"tr","p":{"a":0,"k":[23.611,136.538],"ix":2},"a":{"a":0,"k":[0,0],"ix":1},"s":{"a":0,"k":[100,100],"ix":3},"r":{"a":0,"k":0,"ix":6},"o":{"a":0,"k":100,"ix":7},"sk":{"a":0,"k":0,"ix":4},"sa":{"a":0,"k":0,"ix":5},"nm":"Transform"}],"nm":"Group 2","np":2,"cix":2,"bm":0,"ix":2,"mn":"ADBE Vector Group","hd":false},{"ty":"gr","it":[{"ind":0,"ty":"sh","ix":1,"ks":{"a":0,"k":{"i":[[-3.492,0],[0,3.533],[3.492,0],[0,-3.532]],"o":[[3.492,0],[0,-3.532],[-3.492,0],[0,3.533]],"v":[[0,6.396],[6.324,0],[0,-6.396],[-6.324,0]],"c":true},"ix":2},"nm":"Path 1","mn":"ADBE Vector Shape - Group","hd":false},{"ty":"fl","c":{"a":0,"k":[0.772549079446,0.823529471603,0.972549079446,1],"ix":4},"o":{"a":0,"k":100,"ix":5},"r":1,"bm":0,"nm":"Fill 1","mn":"ADBE Vector Graphic - Fill","hd":false},{"ty":"tr","p":{"a":0,"k":[135.112,23.979],"ix":2},"a":{"a":0,"k":[0,0],"ix":1},"s":{"a":0,"k":[100,100],"ix":3},"r":{"a":0,"k":0,"ix":6},"o":{"a":0,"k":100,"ix":7},"sk":{"a":0,"k":0,"ix":4},"sa":{"a":0,"k":0,"ix":5},"nm":"Transform"}],"nm":"Group 3","np":2,"cix":2,"bm":0,"ix":3,"mn":"ADBE Vector Group","hd":false},{"ty":"gr","it":[{"ind":0,"ty":"sh","ix":1,"ks":{"a":0,"k":{"i":[[-3.495,0],[0,3.533],[3.492,0],[0,-3.532]],"o":[[3.492,0],[0,-3.532],[-3.495,0],[0,3.533]],"v":[[0.002,6.396],[6.326,0],[0.002,-6.396],[-6.326,0]],"c":true},"ix":2},"nm":"Path 1","mn":"ADBE Vector Shape - Group","hd":false},{"ty":"fl","c":{"a":0,"k":[0.772549079446,0.823529471603,0.972549079446,1],"ix":4},"o":{"a":0,"k":100,"ix":5},"r":1,"bm":0,"nm":"Fill 1","mn":"ADBE Vector Graphic - Fill","hd":false},{"ty":"tr","p":{"a":0,"k":[23.611,23.979],"ix":2},"a":{"a":0,"k":[0,0],"ix":1},"s":{"a":0,"k":[100,100],"ix":3},"r":{"a":0,"k":0,"ix":6},"o":{"a":0,"k":100,"ix":7},"sk":{"a":0,"k":0,"ix":4},"sa":{"a":0,"k":0,"ix":5},"nm":"Transform"}],"nm":"Group 4","np":2,"cix":2,"bm":0,"ix":4,"mn":"ADBE Vector Group","hd":false},{"ty":"gr","it":[{"ind":0,"ty":"sh","ix":1,"ks":{"a":0,"k":{"i":[[9.795,0],[0,0],[0,9.801],[0,0],[-9.691,0],[0,0],[0,-9.801],[0,0]],"o":[[0,0],[-9.795,0],[0,0],[0,-9.904],[0,0],[9.795,0],[0,0],[0.103,9.904]],"v":[[54.935,73.508],[-55.035,73.508],[-72.686,55.659],[-72.686,-55.661],[-55.035,-73.508],[54.935,-73.508],[72.583,-55.661],[72.583,55.557]],"c":true},"ix":2},"nm":"Path 1","mn":"ADBE Vector Shape - Group","hd":false},{"ty":"fl","c":{"a":0,"k":[1,1,1,1],"ix":4},"o":{"a":0,"k":100,"ix":5},"r":1,"bm":0,"nm":"Fill 1","mn":"ADBE Vector Graphic - Fill","hd":false},{"ty":"tr","p":{"a":0,"k":[79.363,80.259],"ix":2},"a":{"a":0,"k":[0,0],"ix":1},"s":{"a":0,"k":[100,100],"ix":3},"r":{"a":0,"k":0,"ix":6},"o":{"a":0,"k":100,"ix":7},"sk":{"a":0,"k":0,"ix":4},"sa":{"a":0,"k":0,"ix":5},"nm":"Transform"}],"nm":"Group 5","np":2,"cix":2,"bm":0,"ix":5,"mn":"ADBE Vector Group","hd":false},{"ty":"gr","it":[{"ind":0,"ty":"sh","ix":1,"ks":{"a":0,"k":{"i":[[10.609,0],[0,0],[0,10.729],[0,0],[-10.609,0],[0,0],[0,-10.729],[0,0]],"o":[[0,0],[-10.609,0],[0,0],[0,-10.729],[0,0],[10.609,0],[0,0],[0,10.729]],"v":[[59.833,80.008],[-59.832,80.008],[-79.112,60.51],[-79.112,-60.51],[-59.832,-80.008],[59.833,-80.008],[79.112,-60.51],[79.112,60.51]],"c":true},"ix":2},"nm":"Path 1","mn":"ADBE Vector Shape - Group","hd":false},{"ty":"fl","c":{"a":0,"k":[0,0,0,1],"ix":4},"o":{"a":0,"k":100,"ix":5},"r":1,"bm":0,"nm":"Fill 1","mn":"ADBE Vector Graphic - Fill","hd":false},{"ty":"tr","p":{"a":0,"k":[79.363,80.258],"ix":2},"a":{"a":0,"k":[0,0],"ix":1},"s":{"a":0,"k":[100,100],"ix":3},"r":{"a":0,"k":0,"ix":6},"o":{"a":0,"k":100,"ix":7},"sk":{"a":0,"k":0,"ix":4},"sa":{"a":0,"k":0,"ix":5},"nm":"Transform"}],"nm":"Group 6","np":2,"cix":2,"bm":0,"ix":6,"mn":"ADBE Vector Group","hd":false}],"ip":0,"op":300.00001221925,"st":0,"bm":0}]},{"id":"comp_2","layers":[{"ddd":0,"ind":1,"ty":0,"nm":"Pre-comp 2","refId":"comp_3","sr":1,"ks":{"o":{"a":0,"k":100,"ix":11},"r":{"a":0,"k":0,"ix":10},"p":{"a":0,"k":[540,540,0],"ix":2},"a":{"a":0,"k":[540,540,0],"ix":1},"s":{"a":0,"k":[169,169,100],"ix":6}},"ao":0,"w":1080,"h":1080,"ip":0,"op":325.000013237521,"st":0,"bm":0}]},{"id":"comp_3","layers":[{"ddd":0,"ind":1,"ty":4,"nm":"Right Eyelid Outlines 2","td":1,"sr":1,"ks":{"o":{"a":0,"k":100,"ix":11},"r":{"a":0,"k":180.192,"ix":10},"p":{"a":1,"k":[{"i":{"x":0.6,"y":0.2},"o":{"x":0.26,"y":0},"t":0,"s":[498,803,0],"to":[0,-16,0],"ti":[0,0,0]},{"i":{"x":0.6,"y":0.2},"o":{"x":0.26,"y":0},"t":6,"s":[498,707,0],"to":[0,0,0],"ti":[0,-16,0]},{"i":{"x":0.6,"y":0.6},"o":{"x":0.26,"y":0.26},"t":12,"s":[498,803,0],"to":[0,0,0],"ti":[0,0,0]},{"i":{"x":0.6,"y":0.2},"o":{"x":0.26,"y":0},"t":20,"s":[498,803,0],"to":[0,-16,0],"ti":[0,0,0]},{"i":{"x":0.6,"y":0.2},"o":{"x":0.26,"y":0},"t":26,"s":[498,707,0],"to":[0,0,0],"ti":[0,-16,0]},{"i":{"x":0.6,"y":0.6},"o":{"x":0.26,"y":0.26},"t":32,"s":[498,803,0],"to":[0,0,0],"ti":[0,0,0]},{"i":{"x":0.6,"y":0.2},"o":{"x":0.26,"y":0},"t":86,"s":[498,803,0],"to":[0,-16,0],"ti":[0,0,0]},{"i":{"x":0.6,"y":0.2},"o":{"x":0.26,"y":0},"t":92,"s":[498,707,0],"to":[0,0,0],"ti":[0,-16,0]},{"i":{"x":0.6,"y":0.6},"o":{"x":0.26,"y":0.26},"t":98,"s":[498,803,0],"to":[0,0,0],"ti":[0,0,0]},{"i":{"x":0.6,"y":0.2},"o":{"x":0.26,"y":0},"t":106,"s":[498,803,0],"to":[0,-16,0],"ti":[0,0,0]},{"i":{"x":0.6,"y":0.2},"o":{"x":0.26,"y":0},"t":112,"s":[498,707,0],"to":[0,0,0],"ti":[0,-16,0]},{"i":{"x":0.6,"y":0.6},"o":{"x":0.167,"y":0.167},"t":118,"s":[498,803,0],"to":[0,0,0],"ti":[0,0,0]},{"i":{"x":0.6,"y":0.2},"o":{"x":0.26,"y":0},"t":176,"s":[498,803,0],"to":[0,-16,0],"ti":[0,0,0]},{"i":{"x":0.6,"y":0.2},"o":{"x":0.26,"y":0},"t":182,"s":[498,707,0],"to":[0,0,0],"ti":[0,-16,0]},{"i":{"x":0.6,"y":0.6},"o":{"x":0.26,"y":0.26},"t":188,"s":[498,803,0],"to":[0,0,0],"ti":[0,0,0]},{"i":{"x":0.6,"y":0.2},"o":{"x":0.26,"y":0},"t":196,"s":[498,803,0],"to":[0,-16,0],"ti":[0,0,0]},{"i":{"x":0.6,"y":0.2},"o":{"x":0.26,"y":0},"t":202,"s":[498,707,0],"to":[0,0,0],"ti":[0,-16,0]},{"i":{"x":0.6,"y":0.6},"o":{"x":0.167,"y":0.167},"t":208,"s":[498,803,0],"to":[0,0,0],"ti":[0,0,0]},{"i":{"x":0.6,"y":0.2},"o":{"x":0.26,"y":0},"t":258,"s":[498,803,0],"to":[0,-16,0],"ti":[0,0,0]},{"i":{"x":0.6,"y":0.2},"o":{"x":0.26,"y":0},"t":264,"s":[498,707,0],"to":[0,0,0],"ti":[0,-16,0]},{"i":{"x":0.6,"y":0.6},"o":{"x":0.26,"y":0.26},"t":270,"s":[498,803,0],"to":[0,0,0],"ti":[0,0,0]},{"i":{"x":0.6,"y":0.2},"o":{"x":0.26,"y":0},"t":278,"s":[498,803,0],"to":[0,-16,0],"ti":[0,0,0]},{"i":{"x":0.6,"y":0.2},"o":{"x":0.26,"y":0},"t":284,"s":[498,707,0],"to":[0,0,0],"ti":[0,-16,0]},{"t":290.000011811942,"s":[498,803,0]}],"ix":2},"a":{"a":0,"k":[960,540,0],"ix":1},"s":{"a":0,"k":[100,100,100],"ix":6}},"ao":0,"shapes":[{"ty":"gr","it":[{"ind":0,"ty":"sh","ix":1,"ks":{"a":0,"k":{"i":[[0,0],[0,0],[0,0],[0,0]],"o":[[0,0],[0,0],[0,0],[0,0]],"v":[[-79.068,143.68],[98.161,128.175],[98.161,-143.68],[-98.161,-143.68]],"c":true},"ix":2},"nm":"Path 1","mn":"ADBE Vector Shape - Group","hd":false},{"ty":"fl","c":{"a":0,"k":[0.286274509804,0.360784313725,0.909803981407,1],"ix":4},"o":{"a":0,"k":100,"ix":5},"r":1,"bm":0,"nm":"Fill 1","mn":"ADBE Vector Graphic - Fill","hd":false},{"ty":"tr","p":{"a":0,"k":[928.097,489.276],"ix":2},"a":{"a":0,"k":[0,0],"ix":1},"s":{"a":0,"k":[100,100],"ix":3},"r":{"a":0,"k":0,"ix":6},"o":{"a":0,"k":100,"ix":7},"sk":{"a":0,"k":0,"ix":4},"sa":{"a":0,"k":0,"ix":5},"nm":"Transform"}],"nm":"Group 1","np":2,"cix":2,"bm":0,"ix":1,"mn":"ADBE Vector Group","hd":false}],"ip":0,"op":325.000013237521,"st":0,"bm":0},{"ddd":0,"ind":2,"ty":4,"nm":"Head Outlines 2","tt":1,"sr":1,"ks":{"o":{"a":0,"k":100,"ix":11},"r":{"a":0,"k":0,"ix":10},"p":{"a":0,"k":[540,540,0],"ix":2},"a":{"a":0,"k":[960,540,0],"ix":1},"s":{"a":0,"k":[100,100,100],"ix":6}},"ao":0,"shapes":[{"ty":"gr","it":[{"ind":0,"ty":"sh","ix":1,"ks":{"a":0,"k":{"i":[[0,-156.652],[156.652,0],[0,156.652],[-156.652,0]],"o":[[0,156.652],[-156.652,0],[0,-156.652],[156.652,0]],"v":[[283.643,0],[-0.001,283.644],[-283.643,0],[-0.001,-283.644]],"c":true},"ix":2},"nm":"Path 1","mn":"ADBE Vector Shape - Group","hd":false},{"ty":"fl","c":{"a":0,"k":[0.286274509804,0.360784313725,0.909803981407,1],"ix":4},"o":{"a":0,"k":100,"ix":5},"r":1,"bm":0,"nm":"Fill 1","mn":"ADBE Vector Graphic - Fill","hd":false},{"ty":"tr","p":{"a":0,"k":[960,540],"ix":2},"a":{"a":0,"k":[0,0],"ix":1},"s":{"a":0,"k":[100,100],"ix":3},"r":{"a":0,"k":0,"ix":6},"o":{"a":0,"k":100,"ix":7},"sk":{"a":0,"k":0,"ix":4},"sa":{"a":0,"k":0,"ix":5},"nm":"Transform"}],"nm":"Group 1","np":2,"cix":2,"bm":0,"ix":1,"mn":"ADBE Vector Group","hd":false}],"ip":0,"op":325.000013237521,"st":0,"bm":0},{"ddd":0,"ind":3,"ty":4,"nm":"Right Eyelid Outlines","td":1,"sr":1,"ks":{"o":{"a":0,"k":100,"ix":11},"r":{"a":0,"k":0,"ix":10},"p":{"a":1,"k":[{"i":{"x":0.6,"y":0.2},"o":{"x":0.26,"y":0},"t":0,"s":[540,278,0],"to":[0,43.667,0],"ti":[0,0,0]},{"i":{"x":0.6,"y":0.2},"o":{"x":0.26,"y":0},"t":6,"s":[540,540,0],"to":[0,0,0],"ti":[0,43.667,0]},{"i":{"x":0.6,"y":0.6},"o":{"x":0.26,"y":0.26},"t":12,"s":[540,278,0],"to":[0,0,0],"ti":[0,0,0]},{"i":{"x":0.6,"y":0.2},"o":{"x":0.26,"y":0},"t":20,"s":[540,278,0],"to":[0,43.667,0],"ti":[0,0,0]},{"i":{"x":0.6,"y":0.2},"o":{"x":0.26,"y":0},"t":26,"s":[540,540,0],"to":[0,0,0],"ti":[0,43.667,0]},{"i":{"x":0.6,"y":0.6},"o":{"x":0.26,"y":0.26},"t":32,"s":[540,278,0],"to":[0,0,0],"ti":[0,0,0]},{"i":{"x":0.6,"y":0.2},"o":{"x":0.26,"y":0},"t":86,"s":[540,278,0],"to":[0,43.667,0],"ti":[0,0,0]},{"i":{"x":0.6,"y":0.2},"o":{"x":0.26,"y":0},"t":92,"s":[540,540,0],"to":[0,0,0],"ti":[0,43.667,0]},{"i":{"x":0.6,"y":0.6},"o":{"x":0.26,"y":0.26},"t":98,"s":[540,278,0],"to":[0,0,0],"ti":[0,0,0]},{"i":{"x":0.6,"y":0.2},"o":{"x":0.26,"y":0},"t":106,"s":[540,278,0],"to":[0,43.667,0],"ti":[0,0,0]},{"i":{"x":0.6,"y":0.2},"o":{"x":0.26,"y":0},"t":112,"s":[540,540,0],"to":[0,0,0],"ti":[0,43.667,0]},{"i":{"x":0.6,"y":0.6},"o":{"x":0.167,"y":0.167},"t":118,"s":[540,278,0],"to":[0,0,0],"ti":[0,0,0]},{"i":{"x":0.6,"y":0.2},"o":{"x":0.26,"y":0},"t":176,"s":[540,278,0],"to":[0,43.667,0],"ti":[0,0,0]},{"i":{"x":0.6,"y":0.2},"o":{"x":0.26,"y":0},"t":182,"s":[540,540,0],"to":[0,0,0],"ti":[0,43.667,0]},{"i":{"x":0.6,"y":0.6},"o":{"x":0.26,"y":0.26},"t":188,"s":[540,278,0],"to":[0,0,0],"ti":[0,0,0]},{"i":{"x":0.6,"y":0.2},"o":{"x":0.26,"y":0},"t":196,"s":[540,278,0],"to":[0,43.667,0],"ti":[0,0,0]},{"i":{"x":0.6,"y":0.2},"o":{"x":0.26,"y":0},"t":202,"s":[540,540,0],"to":[0,0,0],"ti":[0,43.667,0]},{"i":{"x":0.6,"y":0.6},"o":{"x":0.167,"y":0.167},"t":208,"s":[540,278,0],"to":[0,0,0],"ti":[0,0,0]},{"i":{"x":0.6,"y":0.2},"o":{"x":0.26,"y":0},"t":258,"s":[540,278,0],"to":[0,43.667,0],"ti":[0,0,0]},{"i":{"x":0.6,"y":0.2},"o":{"x":0.26,"y":0},"t":264,"s":[540,540,0],"to":[0,0,0],"ti":[0,43.667,0]},{"i":{"x":0.6,"y":0.6},"o":{"x":0.26,"y":0.26},"t":270,"s":[540,278,0],"to":[0,0,0],"ti":[0,0,0]},{"i":{"x":0.6,"y":0.2},"o":{"x":0.26,"y":0},"t":278,"s":[540,278,0],"to":[0,43.667,0],"ti":[0,0,0]},{"i":{"x":0.6,"y":0.2},"o":{"x":0.26,"y":0},"t":284,"s":[540,540,0],"to":[0,0,0],"ti":[0,43.667,0]},{"t":290.000011811942,"s":[540,278,0]}],"ix":2},"a":{"a":0,"k":[960,540,0],"ix":1},"s":{"a":0,"k":[100,100,100],"ix":6}},"ao":0,"shapes":[{"ty":"gr","it":[{"ind":0,"ty":"sh","ix":1,"ks":{"a":0,"k":{"i":[[0,0],[0,0],[0,0],[0,0]],"o":[[0,0],[0,0],[0,0],[0,0]],"v":[[-79.068,143.68],[98.161,128.175],[98.161,-143.68],[-98.161,-143.68]],"c":true},"ix":2},"nm":"Path 1","mn":"ADBE Vector Shape - Group","hd":false},{"ty":"fl","c":{"a":0,"k":[0.286274509804,0.360784313725,0.909803981407,1],"ix":4},"o":{"a":0,"k":100,"ix":5},"r":1,"bm":0,"nm":"Fill 1","mn":"ADBE Vector Graphic - Fill","hd":false},{"ty":"tr","p":{"a":0,"k":[928.097,489.276],"ix":2},"a":{"a":0,"k":[0,0],"ix":1},"s":{"a":0,"k":[100,100],"ix":3},"r":{"a":0,"k":0,"ix":6},"o":{"a":0,"k":100,"ix":7},"sk":{"a":0,"k":0,"ix":4},"sa":{"a":0,"k":0,"ix":5},"nm":"Transform"}],"nm":"Group 1","np":2,"cix":2,"bm":0,"ix":1,"mn":"ADBE Vector Group","hd":false}],"ip":0,"op":325.000013237521,"st":0,"bm":0},{"ddd":0,"ind":4,"ty":4,"nm":"Head Outlines 3","tt":1,"sr":1,"ks":{"o":{"a":0,"k":100,"ix":11},"r":{"a":0,"k":0,"ix":10},"p":{"a":0,"k":[540,540,0],"ix":2},"a":{"a":0,"k":[960,540,0],"ix":1},"s":{"a":0,"k":[100,100,100],"ix":6}},"ao":0,"shapes":[{"ty":"gr","it":[{"ind":0,"ty":"sh","ix":1,"ks":{"a":0,"k":{"i":[[0,-156.652],[156.652,0],[0,156.652],[-156.652,0]],"o":[[0,156.652],[-156.652,0],[0,-156.652],[156.652,0]],"v":[[283.643,0],[-0.001,283.644],[-283.643,0],[-0.001,-283.644]],"c":true},"ix":2},"nm":"Path 1","mn":"ADBE Vector Shape - Group","hd":false},{"ty":"fl","c":{"a":0,"k":[0.286274509804,0.360784313725,0.909803981407,1],"ix":4},"o":{"a":0,"k":100,"ix":5},"r":1,"bm":0,"nm":"Fill 1","mn":"ADBE Vector Graphic - Fill","hd":false},{"ty":"tr","p":{"a":0,"k":[960,540],"ix":2},"a":{"a":0,"k":[0,0],"ix":1},"s":{"a":0,"k":[100,100],"ix":3},"r":{"a":0,"k":0,"ix":6},"o":{"a":0,"k":100,"ix":7},"sk":{"a":0,"k":0,"ix":4},"sa":{"a":0,"k":0,"ix":5},"nm":"Transform"}],"nm":"Group 1","np":2,"cix":2,"bm":0,"ix":1,"mn":"ADBE Vector Group","hd":false}],"ip":0,"op":325.000013237521,"st":0,"bm":0},{"ddd":0,"ind":5,"ty":4,"nm":"Left Eyelid Outlines 2","td":1,"sr":1,"ks":{"o":{"a":0,"k":100,"ix":11},"r":{"a":0,"k":180.405,"ix":10},"p":{"a":1,"k":[{"i":{"x":0.6,"y":0.2},"o":{"x":0.26,"y":0},"t":0,"s":[356,837,0],"to":[0,-13.833,0],"ti":[0,0,0]},{"i":{"x":0.6,"y":0.2},"o":{"x":0.26,"y":0},"t":6,"s":[356,754,0],"to":[0,0,0],"ti":[0,-13.833,0]},{"i":{"x":0.6,"y":0.6},"o":{"x":0.26,"y":0.26},"t":12,"s":[356,837,0],"to":[0,0,0],"ti":[0,0,0]},{"i":{"x":0.6,"y":0.2},"o":{"x":0.26,"y":0},"t":20,"s":[356,837,0],"to":[0,-13.833,0],"ti":[0,0,0]},{"i":{"x":0.6,"y":0.2},"o":{"x":0.26,"y":0},"t":26,"s":[356,754,0],"to":[0,0,0],"ti":[0,-13.833,0]},{"i":{"x":0.6,"y":0.6},"o":{"x":0.26,"y":0.26},"t":32,"s":[356,837,0],"to":[0,0,0],"ti":[0,0,0]},{"i":{"x":0.6,"y":0.2},"o":{"x":0.26,"y":0},"t":86,"s":[356,837,0],"to":[0,-13.833,0],"ti":[0,0,0]},{"i":{"x":0.6,"y":0.2},"o":{"x":0.26,"y":0},"t":92,"s":[356,754,0],"to":[0,0,0],"ti":[0,-13.833,0]},{"i":{"x":0.6,"y":0.6},"o":{"x":0.26,"y":0.26},"t":98,"s":[356,837,0],"to":[0,0,0],"ti":[0,0,0]},{"i":{"x":0.6,"y":0.2},"o":{"x":0.26,"y":0},"t":106,"s":[356,837,0],"to":[0,-13.833,0],"ti":[0,0,0]},{"i":{"x":0.6,"y":0.2},"o":{"x":0.26,"y":0},"t":112,"s":[356,754,0],"to":[0,0,0],"ti":[0,-13.833,0]},{"i":{"x":0.6,"y":0.6},"o":{"x":0.167,"y":0.167},"t":118,"s":[356,837,0],"to":[0,0,0],"ti":[0,0,0]},{"i":{"x":0.6,"y":0.2},"o":{"x":0.26,"y":0},"t":176,"s":[356,837,0],"to":[0,-13.833,0],"ti":[0,0,0]},{"i":{"x":0.6,"y":0.2},"o":{"x":0.26,"y":0},"t":182,"s":[356,754,0],"to":[0,0,0],"ti":[0,-13.833,0]},{"i":{"x":0.6,"y":0.6},"o":{"x":0.26,"y":0.26},"t":188,"s":[356,837,0],"to":[0,0,0],"ti":[0,0,0]},{"i":{"x":0.6,"y":0.2},"o":{"x":0.26,"y":0},"t":196,"s":[356,837,0],"to":[0,-13.833,0],"ti":[0,0,0]},{"i":{"x":0.6,"y":0.2},"o":{"x":0.26,"y":0},"t":202,"s":[356,754,0],"to":[0,0,0],"ti":[0,-13.833,0]},{"i":{"x":0.6,"y":0.6},"o":{"x":0.167,"y":0.167},"t":208,"s":[356,837,0],"to":[0,0,0],"ti":[0,0,0]},{"i":{"x":0.6,"y":0.2},"o":{"x":0.26,"y":0},"t":258,"s":[356,837,0],"to":[0,-13.833,0],"ti":[0,0,0]},{"i":{"x":0.6,"y":0.2},"o":{"x":0.26,"y":0},"t":264,"s":[356,754,0],"to":[0,0,0],"ti":[0,-13.833,0]},{"i":{"x":0.6,"y":0.6},"o":{"x":0.26,"y":0.26},"t":270,"s":[356,837,0],"to":[0,0,0],"ti":[0,0,0]},{"i":{"x":0.6,"y":0.2},"o":{"x":0.26,"y":0},"t":278,"s":[356,837,0],"to":[0,-13.833,0],"ti":[0,0,0]},{"i":{"x":0.6,"y":0.2},"o":{"x":0.26,"y":0},"t":284,"s":[356,754,0],"to":[0,0,0],"ti":[0,-13.833,0]},{"t":290.000011811942,"s":[356,837,0]}],"ix":2},"a":{"a":0,"k":[764,536,0],"ix":1},"s":{"a":0,"k":[100,100,100],"ix":6}},"ao":0,"shapes":[{"ty":"gr","it":[{"ind":0,"ty":"sh","ix":1,"ks":{"a":0,"k":{"i":[[0,0],[0,0],[0,0],[0,0]],"o":[[0,0],[0,0],[0,0],[0,0]],"v":[[-57.608,139.902],[70.374,114.875],[52.339,-139.903],[-70.374,-67.417]],"c":true},"ix":2},"nm":"Path 1","mn":"ADBE Vector Shape - Group","hd":false},{"ty":"fl","c":{"a":0,"k":[0.286274509804,0.360784313725,0.909803981407,1],"ix":4},"o":{"a":0,"k":100,"ix":5},"r":1,"bm":0,"nm":"Fill 1","mn":"ADBE Vector Graphic - Fill","hd":false},{"ty":"tr","p":{"a":0,"k":[765.502,519.225],"ix":2},"a":{"a":0,"k":[0,0],"ix":1},"s":{"a":0,"k":[100,100],"ix":3},"r":{"a":0,"k":0,"ix":6},"o":{"a":0,"k":100,"ix":7},"sk":{"a":0,"k":0,"ix":4},"sa":{"a":0,"k":0,"ix":5},"nm":"Transform"}],"nm":"Group 1","np":2,"cix":2,"bm":0,"ix":1,"mn":"ADBE Vector Group","hd":false}],"ip":0,"op":325.000013237521,"st":0,"bm":0},{"ddd":0,"ind":6,"ty":4,"nm":"Head Outlines 4","tt":1,"sr":1,"ks":{"o":{"a":0,"k":100,"ix":11},"r":{"a":0,"k":0,"ix":10},"p":{"a":0,"k":[540,540,0],"ix":2},"a":{"a":0,"k":[960,540,0],"ix":1},"s":{"a":0,"k":[100,100,100],"ix":6}},"ao":0,"shapes":[{"ty":"gr","it":[{"ind":0,"ty":"sh","ix":1,"ks":{"a":0,"k":{"i":[[0,-156.652],[156.652,0],[0,156.652],[-156.652,0]],"o":[[0,156.652],[-156.652,0],[0,-156.652],[156.652,0]],"v":[[283.643,0],[-0.001,283.644],[-283.643,0],[-0.001,-283.644]],"c":true},"ix":2},"nm":"Path 1","mn":"ADBE Vector Shape - Group","hd":false},{"ty":"fl","c":{"a":0,"k":[0.286274509804,0.360784313725,0.909803981407,1],"ix":4},"o":{"a":0,"k":100,"ix":5},"r":1,"bm":0,"nm":"Fill 1","mn":"ADBE Vector Graphic - Fill","hd":false},{"ty":"tr","p":{"a":0,"k":[960,540],"ix":2},"a":{"a":0,"k":[0,0],"ix":1},"s":{"a":0,"k":[100,100],"ix":3},"r":{"a":0,"k":0,"ix":6},"o":{"a":0,"k":100,"ix":7},"sk":{"a":0,"k":0,"ix":4},"sa":{"a":0,"k":0,"ix":5},"nm":"Transform"}],"nm":"Group 1","np":2,"cix":2,"bm":0,"ix":1,"mn":"ADBE Vector Group","hd":false}],"ip":0,"op":325.000013237521,"st":0,"bm":0},{"ddd":0,"ind":7,"ty":4,"nm":"Left Eyelid Outlines","td":1,"sr":1,"ks":{"o":{"a":0,"k":100,"ix":11},"r":{"a":0,"k":0,"ix":10},"p":{"a":1,"k":[{"i":{"x":0.6,"y":0.2},"o":{"x":0.26,"y":0},"t":0,"s":[344,313,0],"to":[0,37.167,0],"ti":[0,0,0]},{"i":{"x":0.6,"y":0.2},"o":{"x":0.26,"y":0},"t":6,"s":[344,536,0],"to":[0,0,0],"ti":[0,37.167,0]},{"i":{"x":0.6,"y":0.6},"o":{"x":0.26,"y":0.26},"t":12,"s":[344,313,0],"to":[0,0,0],"ti":[0,0,0]},{"i":{"x":0.6,"y":0.2},"o":{"x":0.26,"y":0},"t":20,"s":[344,313,0],"to":[0,37.167,0],"ti":[0,0,0]},{"i":{"x":0.6,"y":0.2},"o":{"x":0.26,"y":0},"t":26,"s":[344,536,0],"to":[0,0,0],"ti":[0,37.167,0]},{"i":{"x":0.6,"y":0.6},"o":{"x":0.26,"y":0.26},"t":32,"s":[344,313,0],"to":[0,0,0],"ti":[0,0,0]},{"i":{"x":0.6,"y":0.2},"o":{"x":0.26,"y":0},"t":86,"s":[344,313,0],"to":[0,37.167,0],"ti":[0,0,0]},{"i":{"x":0.6,"y":0.2},"o":{"x":0.26,"y":0},"t":92,"s":[344,536,0],"to":[0,0,0],"ti":[0,37.167,0]},{"i":{"x":0.6,"y":0.6},"o":{"x":0.26,"y":0.26},"t":98,"s":[344,313,0],"to":[0,0,0],"ti":[0,0,0]},{"i":{"x":0.6,"y":0.2},"o":{"x":0.26,"y":0},"t":106,"s":[344,313,0],"to":[0,37.167,0],"ti":[0,0,0]},{"i":{"x":0.6,"y":0.2},"o":{"x":0.26,"y":0},"t":112,"s":[344,536,0],"to":[0,0,0],"ti":[0,37.167,0]},{"i":{"x":0.6,"y":0.6},"o":{"x":0.167,"y":0.167},"t":118,"s":[344,313,0],"to":[0,0,0],"ti":[0,0,0]},{"i":{"x":0.6,"y":0.2},"o":{"x":0.26,"y":0},"t":176,"s":[344,313,0],"to":[0,37.167,0],"ti":[0,0,0]},{"i":{"x":0.6,"y":0.2},"o":{"x":0.26,"y":0},"t":182,"s":[344,536,0],"to":[0,0,0],"ti":[0,37.167,0]},{"i":{"x":0.6,"y":0.6},"o":{"x":0.26,"y":0.26},"t":188,"s":[344,313,0],"to":[0,0,0],"ti":[0,0,0]},{"i":{"x":0.6,"y":0.2},"o":{"x":0.26,"y":0},"t":196,"s":[344,313,0],"to":[0,37.167,0],"ti":[0,0,0]},{"i":{"x":0.6,"y":0.2},"o":{"x":0.26,"y":0},"t":202,"s":[344,536,0],"to":[0,0,0],"ti":[0,37.167,0]},{"i":{"x":0.6,"y":0.6},"o":{"x":0.167,"y":0.167},"t":208,"s":[344,313,0],"to":[0,0,0],"ti":[0,0,0]},{"i":{"x":0.6,"y":0.2},"o":{"x":0.26,"y":0},"t":258,"s":[344,313,0],"to":[0,37.167,0],"ti":[0,0,0]},{"i":{"x":0.6,"y":0.2},"o":{"x":0.26,"y":0},"t":264,"s":[344,536,0],"to":[0,0,0],"ti":[0,37.167,0]},{"i":{"x":0.6,"y":0.6},"o":{"x":0.26,"y":0.26},"t":270,"s":[344,313,0],"to":[0,0,0],"ti":[0,0,0]},{"i":{"x":0.6,"y":0.2},"o":{"x":0.26,"y":0},"t":278,"s":[344,313,0],"to":[0,37.167,0],"ti":[0,0,0]},{"i":{"x":0.6,"y":0.2},"o":{"x":0.26,"y":0},"t":284,"s":[344,536,0],"to":[0,0,0],"ti":[0,37.167,0]},{"t":290.000011811942,"s":[344,313,0]}],"ix":2},"a":{"a":0,"k":[764,536,0],"ix":1},"s":{"a":0,"k":[100,100,100],"ix":6}},"ao":0,"shapes":[{"ty":"gr","it":[{"ind":0,"ty":"sh","ix":1,"ks":{"a":0,"k":{"i":[[0,0],[0,0],[0,0],[0,0]],"o":[[0,0],[0,0],[0,0],[0,0]],"v":[[-57.608,139.902],[70.374,114.875],[52.339,-139.903],[-70.374,-67.417]],"c":true},"ix":2},"nm":"Path 1","mn":"ADBE Vector Shape - Group","hd":false},{"ty":"fl","c":{"a":0,"k":[0.286274509804,0.360784313725,0.909803981407,1],"ix":4},"o":{"a":0,"k":100,"ix":5},"r":1,"bm":0,"nm":"Fill 1","mn":"ADBE Vector Graphic - Fill","hd":false},{"ty":"tr","p":{"a":0,"k":[765.502,519.225],"ix":2},"a":{"a":0,"k":[0,0],"ix":1},"s":{"a":0,"k":[100,100],"ix":3},"r":{"a":0,"k":0,"ix":6},"o":{"a":0,"k":100,"ix":7},"sk":{"a":0,"k":0,"ix":4},"sa":{"a":0,"k":0,"ix":5},"nm":"Transform"}],"nm":"Group 1","np":2,"cix":2,"bm":0,"ix":1,"mn":"ADBE Vector Group","hd":false}],"ip":0,"op":325.000013237521,"st":0,"bm":0},{"ddd":0,"ind":8,"ty":4,"nm":"Head Outlines 5","tt":1,"sr":1,"ks":{"o":{"a":0,"k":100,"ix":11},"r":{"a":0,"k":0,"ix":10},"p":{"a":0,"k":[540,540,0],"ix":2},"a":{"a":0,"k":[960,540,0],"ix":1},"s":{"a":0,"k":[100,100,100],"ix":6}},"ao":0,"shapes":[{"ty":"gr","it":[{"ind":0,"ty":"sh","ix":1,"ks":{"a":0,"k":{"i":[[0,-156.652],[156.652,0],[0,156.652],[-156.652,0]],"o":[[0,156.652],[-156.652,0],[0,-156.652],[156.652,0]],"v":[[283.643,0],[-0.001,283.644],[-283.643,0],[-0.001,-283.644]],"c":true},"ix":2},"nm":"Path 1","mn":"ADBE Vector Shape - Group","hd":false},{"ty":"fl","c":{"a":0,"k":[0.286274509804,0.360784313725,0.909803981407,1],"ix":4},"o":{"a":0,"k":100,"ix":5},"r":1,"bm":0,"nm":"Fill 1","mn":"ADBE Vector Graphic - Fill","hd":false},{"ty":"tr","p":{"a":0,"k":[960,540],"ix":2},"a":{"a":0,"k":[0,0],"ix":1},"s":{"a":0,"k":[100,100],"ix":3},"r":{"a":0,"k":0,"ix":6},"o":{"a":0,"k":100,"ix":7},"sk":{"a":0,"k":0,"ix":4},"sa":{"a":0,"k":0,"ix":5},"nm":"Transform"}],"nm":"Group 1","np":2,"cix":2,"bm":0,"ix":1,"mn":"ADBE Vector Group","hd":false}],"ip":0,"op":325.000013237521,"st":0,"bm":0},{"ddd":0,"ind":11,"ty":4,"nm":"Shape Layer 1","parent":12,"sr":1,"ks":{"o":{"a":0,"k":100,"ix":11},"r":{"a":0,"k":0,"ix":10},"p":{"a":0,"k":[1049.694,535.5,0],"ix":2},"a":{"a":0,"k":[0,0,0],"ix":1},"s":{"a":0,"k":[100,100,100],"ix":6}},"ao":0,"shapes":[{"ty":"gr","it":[{"d":1,"ty":"el","s":{"a":0,"k":[14,30.5],"ix":2},"p":{"a":0,"k":[0,0],"ix":3},"nm":"Ellipse Path 1","mn":"ADBE Vector Shape - Ellipse","hd":false},{"ty":"fl","c":{"a":0,"k":[1,1,1,1],"ix":4},"o":{"a":0,"k":100,"ix":5},"r":1,"bm":0,"nm":"Fill 1","mn":"ADBE Vector Graphic - Fill","hd":false},{"ty":"tr","p":{"a":0,"k":[-244,27.25],"ix":2},"a":{"a":0,"k":[0,0],"ix":1},"s":{"a":0,"k":[95.13,93.544],"ix":3},"r":{"a":0,"k":-8.234,"ix":6},"o":{"a":0,"k":100,"ix":7},"sk":{"a":0,"k":0,"ix":4},"sa":{"a":0,"k":0,"ix":5},"nm":"Transform"}],"nm":"Ellipse 2","np":3,"cix":2,"bm":0,"ix":1,"mn":"ADBE Vector Group","hd":false},{"ty":"gr","it":[{"d":1,"ty":"el","s":{"a":0,"k":[33.5,36],"ix":2},"p":{"a":0,"k":[0,0],"ix":3},"nm":"Ellipse Path 1","mn":"ADBE Vector Shape - Ellipse","hd":false},{"ty":"fl","c":{"a":0,"k":[1,1,1,1],"ix":4},"o":{"a":0,"k":100,"ix":5},"r":1,"bm":0,"nm":"Fill 1","mn":"ADBE Vector Graphic - Fill","hd":false},{"ty":"tr","p":{"a":0,"k":[-61.25,-2],"ix":2},"a":{"a":0,"k":[0,0],"ix":1},"s":{"a":0,"k":[81.405,124.324],"ix":3},"r":{"a":0,"k":-6.465,"ix":6},"o":{"a":0,"k":100,"ix":7},"sk":{"a":0,"k":0,"ix":4},"sa":{"a":0,"k":0,"ix":5},"nm":"Transform"}],"nm":"Ellipse 1","np":3,"cix":2,"bm":0,"ix":2,"mn":"ADBE Vector Group","hd":false}],"ip":0,"op":325.000013237521,"st":0,"bm":0},{"ddd":0,"ind":12,"ty":4,"nm":"Eyes to Right Outlines","sr":1,"ks":{"o":{"a":0,"k":100,"ix":11},"r":{"a":0,"k":0,"ix":10},"p":{"a":1,"k":[{"i":{"x":0.1,"y":1},"o":{"x":0.9,"y":0},"t":34,"s":[490.806,540,0],"to":[9.667,0,0],"ti":[-9.667,0,0]},{"i":{"x":0.1,"y":0.1},"o":{"x":0.9,"y":0.9},"t":41.289,"s":[548.806,540,0],"to":[0,0,0],"ti":[0,0,0]},{"i":{"x":0.1,"y":1},"o":{"x":0.9,"y":0},"t":48.576,"s":[548.806,540,0],"to":[-9.667,0,0],"ti":[9.667,0,0]},{"i":{"x":0.1,"y":0.1},"o":{"x":0.9,"y":0.9},"t":55.865,"s":[490.806,540,0],"to":[0,0,0],"ti":[0,0,0]},{"i":{"x":0.1,"y":1},"o":{"x":0.9,"y":0},"t":62.424,"s":[490.806,540,0],"to":[9.667,0,0],"ti":[-9.667,0,0]},{"i":{"x":0.1,"y":0.1},"o":{"x":0.9,"y":0.9},"t":69.711,"s":[548.806,540,0],"to":[0,0,0],"ti":[0,0,0]},{"i":{"x":0.1,"y":0.1},"o":{"x":0.167,"y":0.167},"t":77,"s":[548.806,540,0],"to":[0,0,0],"ti":[0,0,0]},{"i":{"x":0.1,"y":1},"o":{"x":0.333,"y":0},"t":122,"s":[548.806,540,0],"to":[-9.667,0,0],"ti":[9.667,0,0]},{"i":{"x":0.1,"y":0.1},"o":{"x":0.333,"y":0.333},"t":129,"s":[490.806,540,0],"to":[0,0,0],"ti":[0,0,0]},{"i":{"x":0.1,"y":1},"o":{"x":0.333,"y":0},"t":136,"s":[490.806,540,0],"to":[9.667,0,0],"ti":[-9.667,0,0]},{"i":{"x":0.1,"y":0.1},"o":{"x":0.333,"y":0.333},"t":142,"s":[548.806,540,0],"to":[0,0,0],"ti":[0,0,0]},{"i":{"x":0.833,"y":1},"o":{"x":0.333,"y":0},"t":148,"s":[548.806,540,0],"to":[-9.667,0,0],"ti":[9.667,0,0]},{"i":{"x":0.833,"y":0.833},"o":{"x":0.333,"y":0.333},"t":155,"s":[490.806,540,0],"to":[0,0,0],"ti":[0,0,0]},{"i":{"x":0.1,"y":1},"o":{"x":0.9,"y":0},"t":209,"s":[490.806,540,0],"to":[9.667,0,0],"ti":[-9.667,0,0]},{"i":{"x":0.1,"y":0.1},"o":{"x":0.9,"y":0.9},"t":216.289,"s":[548.806,540,0],"to":[0,0,0],"ti":[0,0,0]},{"i":{"x":0.1,"y":1},"o":{"x":0.9,"y":0},"t":223.576,"s":[548.806,540,0],"to":[-9.667,0,0],"ti":[9.667,0,0]},{"i":{"x":0.1,"y":0.1},"o":{"x":0.9,"y":0.9},"t":230.865,"s":[490.806,540,0],"to":[0,0,0],"ti":[0,0,0]},{"i":{"x":0.1,"y":1},"o":{"x":0.9,"y":0},"t":237.424,"s":[490.806,540,0],"to":[9.667,0,0],"ti":[-9.667,0,0]},{"i":{"x":0.1,"y":0.1},"o":{"x":0.9,"y":0.9},"t":244.711,"s":[548.806,540,0],"to":[0,0,0],"ti":[0,0,0]},{"i":{"x":0.1,"y":0.1},"o":{"x":0.167,"y":0.167},"t":252,"s":[548.806,540,0],"to":[0,0,0],"ti":[0,0,0]},{"i":{"x":0.1,"y":1},"o":{"x":0.333,"y":0},"t":293,"s":[548.806,540,0],"to":[-9.667,0,0],"ti":[9.667,0,0]},{"i":{"x":0.1,"y":0.1},"o":{"x":0.333,"y":0.333},"t":300,"s":[490.806,540,0],"to":[0,0,0],"ti":[0,0,0]},{"i":{"x":0.1,"y":1},"o":{"x":0.333,"y":0},"t":307,"s":[490.806,540,0],"to":[9.667,0,0],"ti":[-9.667,0,0]},{"i":{"x":0.1,"y":0.1},"o":{"x":0.333,"y":0.333},"t":313,"s":[548.806,540,0],"to":[0,0,0],"ti":[0,0,0]},{"i":{"x":0.833,"y":1},"o":{"x":0.333,"y":0},"t":319,"s":[548.806,540,0],"to":[-9.667,0,0],"ti":[9.667,0,0]},{"t":326.000013278252,"s":[490.806,540,0]}],"ix":2},"a":{"a":0,"k":[960,540,0],"ix":1},"s":{"a":0,"k":[100,100,100],"ix":6}},"ao":0,"shapes":[{"ty":"gr","it":[{"ind":0,"ty":"sh","ix":1,"ks":{"a":0,"k":{"i":[[-4.096,-46.817],[18.726,-1.639],[4.096,46.817],[-18.727,1.639]],"o":[[4.096,46.817],[-18.727,1.638],[-4.096,-46.817],[18.727,-1.638]],"v":[[33.908,-2.967],[7.417,84.769],[-33.907,2.966],[-7.417,-84.77]],"c":true},"ix":2},"nm":"Path 1","mn":"ADBE Vector Shape - Group","hd":false},{"ty":"fl","c":{"a":0,"k":[0,0,0,1],"ix":4},"o":{"a":0,"k":100,"ix":5},"r":1,"bm":0,"nm":"Fill 1","mn":"ADBE Vector Graphic - Fill","hd":false},{"ty":"tr","p":{"a":0,"k":[960,539.994],"ix":2},"a":{"a":0,"k":[0,0],"ix":1},"s":{"a":0,"k":[100,100],"ix":3},"r":{"a":0,"k":0,"ix":6},"o":{"a":0,"k":100,"ix":7},"sk":{"a":0,"k":0,"ix":4},"sa":{"a":0,"k":0,"ix":5},"nm":"Transform"}],"nm":"Group 1","np":2,"cix":2,"bm":0,"ix":1,"mn":"ADBE Vector Group","hd":false},{"ty":"gr","it":[{"ind":0,"ty":"sh","ix":1,"ks":{"a":0,"k":{"i":[[-6.529,-37.025],[12.342,-2.177],[6.528,37.025],[-12.342,2.176]],"o":[[6.529,37.025],[-12.341,2.176],[-6.529,-37.026],[12.342,-2.176]],"v":[[22.347,-3.94],[11.821,67.041],[-22.346,3.941],[-11.821,-67.04]],"c":true},"ix":2},"nm":"Path 1","mn":"ADBE Vector Shape - Group","hd":false},{"ty":"fl","c":{"a":0,"k":[0,0,0,1],"ix":4},"o":{"a":0,"k":100,"ix":5},"r":1,"bm":0,"nm":"Fill 1","mn":"ADBE Vector Graphic - Fill","hd":false},{"ty":"tr","p":{"a":0,"k":[786.453,570.81],"ix":2},"a":{"a":0,"k":[0,0],"ix":1},"s":{"a":0,"k":[100,100],"ix":3},"r":{"a":0,"k":0,"ix":6},"o":{"a":0,"k":100,"ix":7},"sk":{"a":0,"k":0,"ix":4},"sa":{"a":0,"k":0,"ix":5},"nm":"Transform"}],"nm":"Group 2","np":2,"cix":2,"bm":0,"ix":2,"mn":"ADBE Vector Group","hd":false}],"ip":0,"op":325.000013237521,"st":0,"bm":0},{"ddd":0,"ind":13,"ty":4,"nm":"Right Eye Open Outlines","sr":1,"ks":{"o":{"a":0,"k":100,"ix":11},"r":{"a":0,"k":0,"ix":10},"p":{"a":0,"k":[540,540,0],"ix":2},"a":{"a":0,"k":[960,540,0],"ix":1},"s":{"a":0,"k":[100,100,100],"ix":6}},"ao":0,"shapes":[{"ty":"gr","it":[{"ind":0,"ty":"sh","ix":1,"ks":{"a":0,"k":{"i":[[-8.192,-93.634],[46.817,-4.096],[8.192,93.633],[-46.817,4.096]],"o":[[8.192,93.634],[-46.816,4.096],[-8.191,-93.634],[46.817,-4.096]],"v":[[84.769,-7.417],[14.832,169.539],[-84.77,7.417],[-14.833,-169.538]],"c":true},"ix":2},"nm":"Path 1","mn":"ADBE Vector Shape - Group","hd":false},{"ty":"fl","c":{"a":0,"k":[1,1,1,1],"ix":4},"o":{"a":0,"k":100,"ix":5},"r":1,"bm":0,"nm":"Fill 1","mn":"ADBE Vector Graphic - Fill","hd":false},{"ty":"tr","p":{"a":0,"k":[935.185,540],"ix":2},"a":{"a":0,"k":[0,0],"ix":1},"s":{"a":0,"k":[100,100],"ix":3},"r":{"a":0,"k":0,"ix":6},"o":{"a":0,"k":100,"ix":7},"sk":{"a":0,"k":0,"ix":4},"sa":{"a":0,"k":0,"ix":5},"nm":"Transform"}],"nm":"Group 1","np":2,"cix":2,"bm":0,"ix":1,"mn":"ADBE Vector Group","hd":false}],"ip":0,"op":325.000013237521,"st":0,"bm":0},{"ddd":0,"ind":14,"ty":4,"nm":"Left Eye Open Outlines","sr":1,"ks":{"o":{"a":0,"k":100,"ix":11},"r":{"a":0,"k":0,"ix":10},"p":{"a":0,"k":[540,540,0],"ix":2},"a":{"a":0,"k":[960,540,0],"ix":1},"s":{"a":0,"k":[100,100,100],"ix":6}},"ao":0,"shapes":[{"ty":"gr","it":[{"ind":0,"ty":"sh","ix":1,"ks":{"a":0,"k":{"i":[[-13.601,-77.136],[30.855,-5.44],[13.601,77.136],[-30.855,5.44]],"o":[[13.601,77.136],[-30.854,5.441],[-13.601,-77.136],[30.854,-5.441]],"v":[[55.867,-9.851],[24.627,139.667],[-55.867,9.851],[-24.627,-139.667]],"c":true},"ix":2},"nm":"Path 1","mn":"ADBE Vector Shape - Group","hd":false},{"ty":"fl","c":{"a":0,"k":[1,1,1,1],"ix":4},"o":{"a":0,"k":100,"ix":5},"r":1,"bm":0,"nm":"Fill 1","mn":"ADBE Vector Graphic - Fill","hd":false},{"ty":"tr","p":{"a":0,"k":[768.634,573.952],"ix":2},"a":{"a":0,"k":[0,0],"ix":1},"s":{"a":0,"k":[100,100],"ix":3},"r":{"a":0,"k":0,"ix":6},"o":{"a":0,"k":100,"ix":7},"sk":{"a":0,"k":0,"ix":4},"sa":{"a":0,"k":0,"ix":5},"nm":"Transform"}],"nm":"Group 1","np":2,"cix":2,"bm":0,"ix":1,"mn":"ADBE Vector Group","hd":false}],"ip":0,"op":325.000013237521,"st":0,"bm":0},{"ddd":0,"ind":15,"ty":4,"nm":"Head Outlines","sr":1,"ks":{"o":{"a":0,"k":100,"ix":11},"r":{"a":0,"k":0,"ix":10},"p":{"a":0,"k":[540,540,0],"ix":2},"a":{"a":0,"k":[960,540,0],"ix":1},"s":{"a":0,"k":[100,100,100],"ix":6}},"ao":0,"shapes":[{"ty":"gr","it":[{"ind":0,"ty":"sh","ix":1,"ks":{"a":0,"k":{"i":[[0,-156.652],[156.652,0],[0,156.652],[-156.652,0]],"o":[[0,156.652],[-156.652,0],[0,-156.652],[156.652,0]],"v":[[283.643,0],[-0.001,283.644],[-283.643,0],[-0.001,-283.644]],"c":true},"ix":2},"nm":"Path 1","mn":"ADBE Vector Shape - Group","hd":false},{"ty":"fl","c":{"a":0,"k":[0.286274509804,0.360784313725,0.909803981407,1],"ix":4},"o":{"a":0,"k":100,"ix":5},"r":1,"bm":0,"nm":"Fill 1","mn":"ADBE Vector Graphic - Fill","hd":false},{"ty":"tr","p":{"a":0,"k":[960,540],"ix":2},"a":{"a":0,"k":[0,0],"ix":1},"s":{"a":0,"k":[100,100],"ix":3},"r":{"a":0,"k":0,"ix":6},"o":{"a":0,"k":100,"ix":7},"sk":{"a":0,"k":0,"ix":4},"sa":{"a":0,"k":0,"ix":5},"nm":"Transform"}],"nm":"Group 1","np":2,"cix":2,"bm":0,"ix":1,"mn":"ADBE Vector Group","hd":false}],"ip":0,"op":325.000013237521,"st":0,"bm":0}]}],"layers":[{"ddd":0,"ind":1,"ty":0,"nm":"Pre-comp 4","refId":"comp_0","sr":1,"ks":{"o":{"a":0,"k":100,"ix":11},"r":{"a":0,"k":0,"ix":10},"p":{"a":0,"k":[1080,570,0],"ix":2},"a":{"a":0,"k":[540,285,0],"ix":1},"s":{"a":0,"k":[201,201,100],"ix":6}},"ao":0,"w":1080,"h":570,"ip":0,"op":300.00001221925,"st":0,"bm":0}],"markers":[]}