{"v":"4.8.0","meta":{"g":"LottieFiles AE 3.1.1","a":"","k":"","d":"","tc":""},"fr":29.9700012207031,"ip":0,"op":325.000013237521,"w":1080,"h":1080,"nm":"Comp 1","ddd":0,"assets":[{"id":"comp_0","layers":[{"ddd":0,"ind":1,"ty":4,"nm":"Head Outlines 2","td":1,"sr":1,"ks":{"o":{"a":0,"k":100,"ix":11},"r":{"a":0,"k":0,"ix":10},"p":{"a":0,"k":[540,540,0],"ix":2},"a":{"a":0,"k":[283.893,283.894,0],"ix":1},"s":{"a":0,"k":[100,100,100],"ix":6}},"ao":0,"shapes":[{"ty":"gr","it":[{"ind":0,"ty":"sh","ix":1,"ks":{"a":0,"k":{"i":[[0,-156.652],[156.652,0],[0,156.652],[-156.652,0]],"o":[[0,156.652],[-156.652,0],[0,-156.652],[156.652,0]],"v":[[283.643,0],[-0.001,283.644],[-283.644,0],[-0.001,-283.644]],"c":true},"ix":2},"nm":"Path 1","mn":"ADBE Vector Shape - Group","hd":false},{"ty":"fl","c":{"a":0,"k":[0.286274509804,0.360784313725,0.909803981407,1],"ix":4},"o":{"a":0,"k":100,"ix":5},"r":1,"bm":0,"nm":"Fill 1","mn":"ADBE Vector Graphic - Fill","hd":false},{"ty":"tr","p":{"a":0,"k":[283.893,283.894],"ix":2},"a":{"a":0,"k":[0,0],"ix":1},"s":{"a":0,"k":[100,100],"ix":3},"r":{"a":0,"k":0,"ix":6},"o":{"a":0,"k":100,"ix":7},"sk":{"a":0,"k":0,"ix":4},"sa":{"a":0,"k":0,"ix":5},"nm":"Transform"}],"nm":"Group 1","np":2,"cix":2,"bm":0,"ix":1,"mn":"ADBE Vector Group","hd":false}],"ip":0,"op":602.064024522569,"st":0,"bm":0},{"ddd":0,"ind":2,"ty":4,"nm":"Left Eyelid Outlines 2","tt":1,"sr":1,"ks":{"o":{"a":0,"k":100,"ix":11},"r":{"a":0,"k":180,"ix":10},"p":{"a":1,"k":[{"i":{"x":0.001,"y":1},"o":{"x":0.333,"y":0},"t":8.991,"s":[359.707,848.144,0],"to":[0,-12.583,0],"ti":[0,13.25,0]},{"i":{"x":0.667,"y":1},"o":{"x":0.333,"y":0},"t":13.736,"s":[359.707,772.644,0],"to":[0,-13.25,0],"ti":[0,-12.583,0]},{"i":{"x":0.013,"y":1},"o":{"x":0.333,"y":0},"t":16.9,"s":[359.707,768.644,0],"to":[0,12.583,0],"ti":[0,-13.25,0]},{"i":{"x":0.667,"y":0.667},"o":{"x":0.333,"y":0.333},"t":21.645,"s":[359.707,848.144,0],"to":[0,0,0],"ti":[0,0,0]},{"i":{"x":0.001,"y":1},"o":{"x":0.333,"y":0},"t":34.632,"s":[359.707,848.144,0],"to":[0,-13.25,0],"ti":[0,13.25,0]},{"i":{"x":0.667,"y":0.667},"o":{"x":0.333,"y":0.333},"t":39.252,"s":[359.707,768.644,0],"to":[0,0,0],"ti":[0,0,0]},{"i":{"x":0.013,"y":1},"o":{"x":0.333,"y":0},"t":42.333,"s":[359.707,768.644,0],"to":[0,13.25,0],"ti":[0,-13.25,0]},{"i":{"x":0.667,"y":0.667},"o":{"x":0.167,"y":0.167},"t":46.953,"s":[359.707,848.144,0],"to":[0,0,0],"ti":[0,0,0]},{"i":{"x":0.001,"y":1},"o":{"x":0.333,"y":0},"t":65.268,"s":[359.707,848.144,0],"to":[0,-12.583,0],"ti":[0,13.25,0]},{"i":{"x":0.667,"y":1},"o":{"x":0.333,"y":0},"t":70.013,"s":[359.707,772.644,0],"to":[0,-13.25,0],"ti":[0,-12.583,0]},{"i":{"x":0.013,"y":1},"o":{"x":0.333,"y":0},"t":73.177,"s":[359.707,768.644,0],"to":[0,12.583,0],"ti":[0,-13.25,0]},{"i":{"x":0.667,"y":0.667},"o":{"x":0.333,"y":0.333},"t":77.922,"s":[359.707,848.144,0],"to":[0,0,0],"ti":[0,0,0]},{"i":{"x":0.001,"y":1},"o":{"x":0.333,"y":0},"t":90.909,"s":[359.707,848.144,0],"to":[0,-13.25,0],"ti":[0,13.25,0]},{"i":{"x":0.667,"y":0.667},"o":{"x":0.333,"y":0.333},"t":95.529,"s":[359.707,768.644,0],"to":[0,0,0],"ti":[0,0,0]},{"i":{"x":0.013,"y":1},"o":{"x":0.333,"y":0},"t":98.61,"s":[359.707,768.644,0],"to":[0,13.25,0],"ti":[0,-13.25,0]},{"i":{"x":0.667,"y":0.667},"o":{"x":0.167,"y":0.167},"t":103.23,"s":[359.707,848.144,0],"to":[0,0,0],"ti":[0,0,0]},{"i":{"x":0.001,"y":1},"o":{"x":0.333,"y":0},"t":118.881,"s":[359.707,848.144,0],"to":[0,-12.583,0],"ti":[0,13.25,0]},{"i":{"x":0.667,"y":1},"o":{"x":0.333,"y":0},"t":123.626,"s":[359.707,772.644,0],"to":[0,-13.25,0],"ti":[0,-12.583,0]},{"i":{"x":0.013,"y":1},"o":{"x":0.333,"y":0},"t":126.79,"s":[359.707,768.644,0],"to":[0,12.583,0],"ti":[0,-13.25,0]},{"i":{"x":0.667,"y":0.667},"o":{"x":0.333,"y":0.333},"t":131.535,"s":[359.707,848.144,0],"to":[0,0,0],"ti":[0,0,0]},{"i":{"x":0.001,"y":1},"o":{"x":0.333,"y":0},"t":144.522,"s":[359.707,848.144,0],"to":[0,-13.25,0],"ti":[0,13.25,0]},{"i":{"x":0.667,"y":0.667},"o":{"x":0.333,"y":0.333},"t":149.142,"s":[359.707,768.644,0],"to":[0,0,0],"ti":[0,0,0]},{"i":{"x":0.013,"y":1},"o":{"x":0.333,"y":0},"t":152.223,"s":[359.707,768.644,0],"to":[0,13.25,0],"ti":[0,-13.25,0]},{"i":{"x":0.667,"y":0.667},"o":{"x":0.167,"y":0.167},"t":156.843,"s":[359.707,848.144,0],"to":[0,0,0],"ti":[0,0,0]},{"i":{"x":0.001,"y":1},"o":{"x":0.333,"y":0},"t":175.158,"s":[359.707,848.144,0],"to":[0,-12.583,0],"ti":[0,13.25,0]},{"i":{"x":0.667,"y":1},"o":{"x":0.333,"y":0},"t":179.903,"s":[359.707,772.644,0],"to":[0,-13.25,0],"ti":[0,-12.583,0]},{"i":{"x":0.013,"y":1},"o":{"x":0.333,"y":0},"t":183.067,"s":[359.707,768.644,0],"to":[0,12.583,0],"ti":[0,-13.25,0]},{"i":{"x":0.667,"y":0.667},"o":{"x":0.333,"y":0.333},"t":187.812,"s":[359.707,848.144,0],"to":[0,0,0],"ti":[0,0,0]},{"i":{"x":0.001,"y":1},"o":{"x":0.333,"y":0},"t":200.799,"s":[359.707,848.144,0],"to":[0,-13.25,0],"ti":[0,13.25,0]},{"i":{"x":0.667,"y":0.667},"o":{"x":0.333,"y":0.333},"t":205.419,"s":[359.707,768.644,0],"to":[0,0,0],"ti":[0,0,0]},{"i":{"x":0.013,"y":1},"o":{"x":0.333,"y":0},"t":208.5,"s":[359.707,768.644,0],"to":[0,13.25,0],"ti":[0,-13.25,0]},{"t":213.120008680556,"s":[359.707,848.144,0]}],"ix":2},"a":{"a":0,"k":[70.624,140.152,0],"ix":1},"s":{"a":0,"k":[100,100,100],"ix":6}},"ao":0,"shapes":[{"ty":"gr","it":[{"ind":0,"ty":"sh","ix":1,"ks":{"a":0,"k":{"i":[[0,0],[0,0],[0,0],[0,0]],"o":[[0,0],[0,0],[0,0],[0,0]],"v":[[-57.608,139.902],[70.374,114.874],[52.339,-139.903],[-70.374,-67.416]],"c":true},"ix":2},"nm":"Path 1","mn":"ADBE Vector Shape - Group","hd":false},{"ty":"fl","c":{"a":0,"k":[0.286274509804,0.360784313725,0.909803981407,1],"ix":4},"o":{"a":0,"k":100,"ix":5},"r":1,"bm":0,"nm":"Fill 1","mn":"ADBE Vector Graphic - Fill","hd":false},{"ty":"tr","p":{"a":0,"k":[70.624,140.152],"ix":2},"a":{"a":0,"k":[0,0],"ix":1},"s":{"a":0,"k":[100,100],"ix":3},"r":{"a":0,"k":0,"ix":6},"o":{"a":0,"k":100,"ix":7},"sk":{"a":0,"k":0,"ix":4},"sa":{"a":0,"k":0,"ix":5},"nm":"Transform"}],"nm":"Group 1","np":2,"cix":2,"bm":0,"ix":1,"mn":"ADBE Vector Group","hd":false}],"ip":0,"op":602.064024522569,"st":0,"bm":0},{"ddd":0,"ind":3,"ty":4,"nm":"Head Outlines 3","td":1,"sr":1,"ks":{"o":{"a":0,"k":100,"ix":11},"r":{"a":0,"k":0,"ix":10},"p":{"a":0,"k":[540,540,0],"ix":2},"a":{"a":0,"k":[283.893,283.894,0],"ix":1},"s":{"a":0,"k":[100,100,100],"ix":6}},"ao":0,"shapes":[{"ty":"gr","it":[{"ind":0,"ty":"sh","ix":1,"ks":{"a":0,"k":{"i":[[0,-156.652],[156.652,0],[0,156.652],[-156.652,0]],"o":[[0,156.652],[-156.652,0],[0,-156.652],[156.652,0]],"v":[[283.643,0],[-0.001,283.644],[-283.644,0],[-0.001,-283.644]],"c":true},"ix":2},"nm":"Path 1","mn":"ADBE Vector Shape - Group","hd":false},{"ty":"fl","c":{"a":0,"k":[0.286274509804,0.360784313725,0.909803981407,1],"ix":4},"o":{"a":0,"k":100,"ix":5},"r":1,"bm":0,"nm":"Fill 1","mn":"ADBE Vector Graphic - Fill","hd":false},{"ty":"tr","p":{"a":0,"k":[283.893,283.894],"ix":2},"a":{"a":0,"k":[0,0],"ix":1},"s":{"a":0,"k":[100,100],"ix":3},"r":{"a":0,"k":0,"ix":6},"o":{"a":0,"k":100,"ix":7},"sk":{"a":0,"k":0,"ix":4},"sa":{"a":0,"k":0,"ix":5},"nm":"Transform"}],"nm":"Group 1","np":2,"cix":2,"bm":0,"ix":1,"mn":"ADBE Vector Group","hd":false}],"ip":0,"op":602.064024522569,"st":0,"bm":0},{"ddd":0,"ind":4,"ty":4,"nm":"Right Eyelid Outlines 2","tt":1,"sr":1,"ks":{"o":{"a":0,"k":100,"ix":11},"r":{"a":0,"k":180,"ix":10},"p":{"a":1,"k":[{"i":{"x":0.001,"y":1},"o":{"x":0.333,"y":0},"t":8.991,"s":[540,848.158,0],"to":[-2.291,-15,0],"ti":[2.291,15,0]},{"i":{"x":0.667,"y":0.667},"o":{"x":0.333,"y":0.333},"t":13.736,"s":[526.252,758.158,0],"to":[0,0,0],"ti":[0,0,0]},{"i":{"x":0.013,"y":1},"o":{"x":0.333,"y":0},"t":16.9,"s":[526.252,758.158,0],"to":[2.291,15,0],"ti":[-2.291,-15,0]},{"i":{"x":0.667,"y":0.667},"o":{"x":0.333,"y":0.333},"t":21.645,"s":[540,848.158,0],"to":[0,0,0],"ti":[0,0,0]},{"i":{"x":0.001,"y":1},"o":{"x":0.333,"y":0},"t":34.632,"s":[540,848.158,0],"to":[-2.291,-15,0],"ti":[2.291,15,0]},{"i":{"x":0.667,"y":0.667},"o":{"x":0.333,"y":0.333},"t":39.252,"s":[526.252,758.158,0],"to":[0,0,0],"ti":[0,0,0]},{"i":{"x":0.013,"y":1},"o":{"x":0.333,"y":0},"t":42.333,"s":[526.252,758.158,0],"to":[2.291,15,0],"ti":[-2.291,-15,0]},{"i":{"x":0.667,"y":0.667},"o":{"x":0.167,"y":0.167},"t":46.953,"s":[540,848.158,0],"to":[0,0,0],"ti":[0,0,0]},{"i":{"x":0.001,"y":1},"o":{"x":0.333,"y":0},"t":65.268,"s":[540,848.158,0],"to":[-2.291,-15,0],"ti":[2.291,15,0]},{"i":{"x":0.667,"y":0.667},"o":{"x":0.333,"y":0.333},"t":70.013,"s":[526.252,758.158,0],"to":[0,0,0],"ti":[0,0,0]},{"i":{"x":0.013,"y":1},"o":{"x":0.333,"y":0},"t":73.177,"s":[526.252,758.158,0],"to":[2.291,15,0],"ti":[-2.291,-15,0]},{"i":{"x":0.667,"y":0.667},"o":{"x":0.333,"y":0.333},"t":77.922,"s":[540,848.158,0],"to":[0,0,0],"ti":[0,0,0]},{"i":{"x":0.001,"y":1},"o":{"x":0.333,"y":0},"t":90.909,"s":[540,848.158,0],"to":[-2.291,-15,0],"ti":[2.291,15,0]},{"i":{"x":0.667,"y":0.667},"o":{"x":0.333,"y":0.333},"t":95.529,"s":[526.252,758.158,0],"to":[0,0,0],"ti":[0,0,0]},{"i":{"x":0.013,"y":1},"o":{"x":0.333,"y":0},"t":98.61,"s":[526.252,758.158,0],"to":[2.291,15,0],"ti":[-2.291,-15,0]},{"i":{"x":0.667,"y":0.667},"o":{"x":0.167,"y":0.167},"t":103.23,"s":[540,848.158,0],"to":[0,0,0],"ti":[0,0,0]},{"i":{"x":0.001,"y":1},"o":{"x":0.333,"y":0},"t":118.881,"s":[540,848.158,0],"to":[-2.291,-15,0],"ti":[2.291,15,0]},{"i":{"x":0.667,"y":0.667},"o":{"x":0.333,"y":0.333},"t":123.626,"s":[526.252,758.158,0],"to":[0,0,0],"ti":[0,0,0]},{"i":{"x":0.013,"y":1},"o":{"x":0.333,"y":0},"t":126.79,"s":[526.252,758.158,0],"to":[2.291,15,0],"ti":[-2.291,-15,0]},{"i":{"x":0.667,"y":0.667},"o":{"x":0.333,"y":0.333},"t":131.535,"s":[540,848.158,0],"to":[0,0,0],"ti":[0,0,0]},{"i":{"x":0.001,"y":1},"o":{"x":0.333,"y":0},"t":144.522,"s":[540,848.158,0],"to":[-2.291,-15,0],"ti":[2.291,15,0]},{"i":{"x":0.667,"y":0.667},"o":{"x":0.333,"y":0.333},"t":149.142,"s":[526.252,758.158,0],"to":[0,0,0],"ti":[0,0,0]},{"i":{"x":0.013,"y":1},"o":{"x":0.333,"y":0},"t":152.223,"s":[526.252,758.158,0],"to":[2.291,15,0],"ti":[-2.291,-15,0]},{"i":{"x":0.667,"y":0.667},"o":{"x":0.167,"y":0.167},"t":156.843,"s":[540,848.158,0],"to":[0,0,0],"ti":[0,0,0]},{"i":{"x":0.001,"y":1},"o":{"x":0.333,"y":0},"t":175.158,"s":[540,848.158,0],"to":[-2.291,-15,0],"ti":[2.291,15,0]},{"i":{"x":0.667,"y":0.667},"o":{"x":0.333,"y":0.333},"t":179.903,"s":[526.252,758.158,0],"to":[0,0,0],"ti":[0,0,0]},{"i":{"x":0.013,"y":1},"o":{"x":0.333,"y":0},"t":183.067,"s":[526.252,758.158,0],"to":[2.291,15,0],"ti":[-2.291,-15,0]},{"i":{"x":0.667,"y":0.667},"o":{"x":0.333,"y":0.333},"t":187.812,"s":[540,848.158,0],"to":[0,0,0],"ti":[0,0,0]},{"i":{"x":0.001,"y":1},"o":{"x":0.333,"y":0},"t":200.799,"s":[540,848.158,0],"to":[-2.291,-15,0],"ti":[2.291,15,0]},{"i":{"x":0.667,"y":0.667},"o":{"x":0.333,"y":0.333},"t":205.419,"s":[526.252,758.158,0],"to":[0,0,0],"ti":[0,0,0]},{"i":{"x":0.013,"y":1},"o":{"x":0.333,"y":0},"t":208.5,"s":[526.252,758.158,0],"to":[2.291,15,0],"ti":[-2.291,-15,0]},{"t":213.120008680556,"s":[540,848.158,0]}],"ix":2},"a":{"a":0,"k":[98.411,143.93,0],"ix":1},"s":{"a":0,"k":[100,100,100],"ix":6}},"ao":0,"shapes":[{"ty":"gr","it":[{"ind":0,"ty":"sh","ix":1,"ks":{"a":0,"k":{"i":[[0,0],[0,0],[0,0],[0,0]],"o":[[0,0],[0,0],[0,0],[0,0]],"v":[[-79.068,143.68],[98.161,128.175],[98.161,-143.68],[-98.161,-143.68]],"c":true},"ix":2},"nm":"Path 1","mn":"ADBE Vector Shape - Group","hd":false},{"ty":"fl","c":{"a":0,"k":[0.286274509804,0.360784313725,0.909803981407,1],"ix":4},"o":{"a":0,"k":100,"ix":5},"r":1,"bm":0,"nm":"Fill 1","mn":"ADBE Vector Graphic - Fill","hd":false},{"ty":"tr","p":{"a":0,"k":[98.411,143.93],"ix":2},"a":{"a":0,"k":[0,0],"ix":1},"s":{"a":0,"k":[100,100],"ix":3},"r":{"a":0,"k":0,"ix":6},"o":{"a":0,"k":100,"ix":7},"sk":{"a":0,"k":0,"ix":4},"sa":{"a":0,"k":0,"ix":5},"nm":"Transform"}],"nm":"Group 1","np":2,"cix":2,"bm":0,"ix":1,"mn":"ADBE Vector Group","hd":false}],"ip":0,"op":602.064024522569,"st":0,"bm":0},{"ddd":0,"ind":5,"ty":4,"nm":"Head Outlines 4","td":1,"sr":1,"ks":{"o":{"a":0,"k":100,"ix":11},"r":{"a":0,"k":0,"ix":10},"p":{"a":0,"k":[540,540,0],"ix":2},"a":{"a":0,"k":[283.893,283.894,0],"ix":1},"s":{"a":0,"k":[100,100,100],"ix":6}},"ao":0,"shapes":[{"ty":"gr","it":[{"ind":0,"ty":"sh","ix":1,"ks":{"a":0,"k":{"i":[[0,-156.652],[156.652,0],[0,156.652],[-156.652,0]],"o":[[0,156.652],[-156.652,0],[0,-156.652],[156.652,0]],"v":[[283.643,0],[-0.001,283.644],[-283.644,0],[-0.001,-283.644]],"c":true},"ix":2},"nm":"Path 1","mn":"ADBE Vector Shape - Group","hd":false},{"ty":"fl","c":{"a":0,"k":[0.286274509804,0.360784313725,0.909803981407,1],"ix":4},"o":{"a":0,"k":100,"ix":5},"r":1,"bm":0,"nm":"Fill 1","mn":"ADBE Vector Graphic - Fill","hd":false},{"ty":"tr","p":{"a":0,"k":[283.893,283.894],"ix":2},"a":{"a":0,"k":[0,0],"ix":1},"s":{"a":0,"k":[100,100],"ix":3},"r":{"a":0,"k":0,"ix":6},"o":{"a":0,"k":100,"ix":7},"sk":{"a":0,"k":0,"ix":4},"sa":{"a":0,"k":0,"ix":5},"nm":"Transform"}],"nm":"Group 1","np":2,"cix":2,"bm":0,"ix":1,"mn":"ADBE Vector Group","hd":false}],"ip":0,"op":602.064024522569,"st":0,"bm":0},{"ddd":0,"ind":6,"ty":4,"nm":"Right Eyelid Outlines","tt":1,"sr":1,"ks":{"o":{"a":0,"k":100,"ix":11},"r":{"a":0,"k":0,"ix":10},"p":{"a":1,"k":[{"i":{"x":0.001,"y":1},"o":{"x":0.333,"y":0},"t":8.991,"s":[501.824,229.297,0],"to":[1.046,43.33,0],"ti":[-1.046,-43.33,0]},{"i":{"x":0.667,"y":0.667},"o":{"x":0.333,"y":0.333},"t":13.736,"s":[508.097,489.276,0],"to":[0,0,0],"ti":[0,0,0]},{"i":{"x":0.013,"y":1},"o":{"x":0.333,"y":0},"t":16.9,"s":[508.097,489.276,0],"to":[-1.046,-43.33,0],"ti":[1.046,43.33,0]},{"i":{"x":0.667,"y":0.667},"o":{"x":0.333,"y":0.333},"t":21.645,"s":[501.824,229.297,0],"to":[0,0,0],"ti":[0,0,0]},{"i":{"x":0.001,"y":1},"o":{"x":0.333,"y":0},"t":34.632,"s":[501.824,229.297,0],"to":[1.046,43.33,0],"ti":[-1.046,-43.33,0]},{"i":{"x":0.667,"y":0.667},"o":{"x":0.333,"y":0.333},"t":39.252,"s":[508.097,489.276,0],"to":[0,0,0],"ti":[0,0,0]},{"i":{"x":0.013,"y":1},"o":{"x":0.333,"y":0},"t":42.333,"s":[508.097,489.276,0],"to":[-1.046,-43.33,0],"ti":[1.046,43.33,0]},{"i":{"x":0.667,"y":0.667},"o":{"x":0.167,"y":0.167},"t":46.953,"s":[501.824,229.297,0],"to":[0,0,0],"ti":[0,0,0]},{"i":{"x":0.001,"y":1},"o":{"x":0.333,"y":0},"t":65.268,"s":[501.824,229.297,0],"to":[1.046,43.33,0],"ti":[-1.046,-43.33,0]},{"i":{"x":0.667,"y":0.667},"o":{"x":0.333,"y":0.333},"t":70.013,"s":[508.097,489.276,0],"to":[0,0,0],"ti":[0,0,0]},{"i":{"x":0.013,"y":1},"o":{"x":0.333,"y":0},"t":73.177,"s":[508.097,489.276,0],"to":[-1.046,-43.33,0],"ti":[1.046,43.33,0]},{"i":{"x":0.667,"y":0.667},"o":{"x":0.333,"y":0.333},"t":77.922,"s":[501.824,229.297,0],"to":[0,0,0],"ti":[0,0,0]},{"i":{"x":0.001,"y":1},"o":{"x":0.333,"y":0},"t":90.909,"s":[501.824,229.297,0],"to":[1.046,43.33,0],"ti":[-1.046,-43.33,0]},{"i":{"x":0.667,"y":0.667},"o":{"x":0.333,"y":0.333},"t":95.529,"s":[508.097,489.276,0],"to":[0,0,0],"ti":[0,0,0]},{"i":{"x":0.013,"y":1},"o":{"x":0.333,"y":0},"t":98.61,"s":[508.097,489.276,0],"to":[-1.046,-43.33,0],"ti":[1.046,43.33,0]},{"i":{"x":0.667,"y":0.667},"o":{"x":0.167,"y":0.167},"t":103.23,"s":[501.824,229.297,0],"to":[0,0,0],"ti":[0,0,0]},{"i":{"x":0.001,"y":1},"o":{"x":0.333,"y":0},"t":118.881,"s":[501.824,229.297,0],"to":[1.046,43.33,0],"ti":[-1.046,-43.33,0]},{"i":{"x":0.667,"y":0.667},"o":{"x":0.333,"y":0.333},"t":123.626,"s":[508.097,489.276,0],"to":[0,0,0],"ti":[0,0,0]},{"i":{"x":0.013,"y":1},"o":{"x":0.333,"y":0},"t":126.79,"s":[508.097,489.276,0],"to":[-1.046,-43.33,0],"ti":[1.046,43.33,0]},{"i":{"x":0.667,"y":0.667},"o":{"x":0.333,"y":0.333},"t":131.535,"s":[501.824,229.297,0],"to":[0,0,0],"ti":[0,0,0]},{"i":{"x":0.001,"y":1},"o":{"x":0.333,"y":0},"t":144.522,"s":[501.824,229.297,0],"to":[1.046,43.33,0],"ti":[-1.046,-43.33,0]},{"i":{"x":0.667,"y":0.667},"o":{"x":0.333,"y":0.333},"t":149.142,"s":[508.097,489.276,0],"to":[0,0,0],"ti":[0,0,0]},{"i":{"x":0.013,"y":1},"o":{"x":0.333,"y":0},"t":152.223,"s":[508.097,489.276,0],"to":[-1.046,-43.33,0],"ti":[1.046,43.33,0]},{"i":{"x":0.667,"y":0.667},"o":{"x":0.167,"y":0.167},"t":156.843,"s":[501.824,229.297,0],"to":[0,0,0],"ti":[0,0,0]},{"i":{"x":0.001,"y":1},"o":{"x":0.333,"y":0},"t":175.158,"s":[501.824,229.297,0],"to":[1.046,43.33,0],"ti":[-1.046,-43.33,0]},{"i":{"x":0.667,"y":0.667},"o":{"x":0.333,"y":0.333},"t":179.903,"s":[508.097,489.276,0],"to":[0,0,0],"ti":[0,0,0]},{"i":{"x":0.013,"y":1},"o":{"x":0.333,"y":0},"t":183.067,"s":[508.097,489.276,0],"to":[-1.046,-43.33,0],"ti":[1.046,43.33,0]},{"i":{"x":0.667,"y":0.667},"o":{"x":0.333,"y":0.333},"t":187.812,"s":[501.824,229.297,0],"to":[0,0,0],"ti":[0,0,0]},{"i":{"x":0.001,"y":1},"o":{"x":0.333,"y":0},"t":200.799,"s":[501.824,229.297,0],"to":[1.046,43.33,0],"ti":[-1.046,-43.33,0]},{"i":{"x":0.667,"y":0.667},"o":{"x":0.333,"y":0.333},"t":205.419,"s":[508.097,489.276,0],"to":[0,0,0],"ti":[0,0,0]},{"i":{"x":0.013,"y":1},"o":{"x":0.333,"y":0},"t":208.5,"s":[508.097,489.276,0],"to":[-1.046,-43.33,0],"ti":[1.046,43.33,0]},{"t":213.120008680556,"s":[501.824,229.297,0]}],"ix":2},"a":{"a":0,"k":[98.411,143.93,0],"ix":1},"s":{"a":0,"k":[100,100,100],"ix":6}},"ao":0,"shapes":[{"ty":"gr","it":[{"ind":0,"ty":"sh","ix":1,"ks":{"a":0,"k":{"i":[[0,0],[0,0],[0,0],[0,0]],"o":[[0,0],[0,0],[0,0],[0,0]],"v":[[-79.068,143.68],[98.161,128.175],[98.161,-143.68],[-98.161,-143.68]],"c":true},"ix":2},"nm":"Path 1","mn":"ADBE Vector Shape - Group","hd":false},{"ty":"fl","c":{"a":0,"k":[0.286274509804,0.360784313725,0.909803981407,1],"ix":4},"o":{"a":0,"k":100,"ix":5},"r":1,"bm":0,"nm":"Fill 1","mn":"ADBE Vector Graphic - Fill","hd":false},{"ty":"tr","p":{"a":0,"k":[98.411,143.93],"ix":2},"a":{"a":0,"k":[0,0],"ix":1},"s":{"a":0,"k":[100,100],"ix":3},"r":{"a":0,"k":0,"ix":6},"o":{"a":0,"k":100,"ix":7},"sk":{"a":0,"k":0,"ix":4},"sa":{"a":0,"k":0,"ix":5},"nm":"Transform"}],"nm":"Group 1","np":2,"cix":2,"bm":0,"ix":1,"mn":"ADBE Vector Group","hd":false}],"ip":0,"op":602.064024522569,"st":0,"bm":0},{"ddd":0,"ind":7,"ty":4,"nm":"Head Outlines 5","td":1,"sr":1,"ks":{"o":{"a":0,"k":100,"ix":11},"r":{"a":0,"k":0,"ix":10},"p":{"a":0,"k":[540,540,0],"ix":2},"a":{"a":0,"k":[283.893,283.894,0],"ix":1},"s":{"a":0,"k":[100,100,100],"ix":6}},"ao":0,"shapes":[{"ty":"gr","it":[{"ind":0,"ty":"sh","ix":1,"ks":{"a":0,"k":{"i":[[0,-156.652],[156.652,0],[0,156.652],[-156.652,0]],"o":[[0,156.652],[-156.652,0],[0,-156.652],[156.652,0]],"v":[[283.643,0],[-0.001,283.644],[-283.644,0],[-0.001,-283.644]],"c":true},"ix":2},"nm":"Path 1","mn":"ADBE Vector Shape - Group","hd":false},{"ty":"fl","c":{"a":0,"k":[0.286274509804,0.360784313725,0.909803981407,1],"ix":4},"o":{"a":0,"k":100,"ix":5},"r":1,"bm":0,"nm":"Fill 1","mn":"ADBE Vector Graphic - Fill","hd":false},{"ty":"tr","p":{"a":0,"k":[283.893,283.894],"ix":2},"a":{"a":0,"k":[0,0],"ix":1},"s":{"a":0,"k":[100,100],"ix":3},"r":{"a":0,"k":0,"ix":6},"o":{"a":0,"k":100,"ix":7},"sk":{"a":0,"k":0,"ix":4},"sa":{"a":0,"k":0,"ix":5},"nm":"Transform"}],"nm":"Group 1","np":2,"cix":2,"bm":0,"ix":1,"mn":"ADBE Vector Group","hd":false}],"ip":0,"op":602.064024522569,"st":0,"bm":0},{"ddd":0,"ind":8,"ty":4,"nm":"Left Eyelid Outlines","tt":1,"sr":1,"ks":{"o":{"a":0,"k":100,"ix":11},"r":{"a":0,"k":0,"ix":10},"p":{"a":1,"k":[{"i":{"x":0.001,"y":1},"o":{"x":0.333,"y":0},"t":8.991,"s":[334.589,300.246,0],"to":[1.819,36.497,0],"ti":[-1.819,-36.497,0]},{"i":{"x":0.667,"y":0.667},"o":{"x":0.333,"y":0.333},"t":13.736,"s":[345.502,519.225,0],"to":[0,0,0],"ti":[0,0,0]},{"i":{"x":0.013,"y":1},"o":{"x":0.333,"y":0},"t":16.9,"s":[345.502,519.225,0],"to":[-1.819,-36.497,0],"ti":[1.819,36.497,0]},{"i":{"x":0.667,"y":0.667},"o":{"x":0.333,"y":0.333},"t":21.645,"s":[334.589,300.246,0],"to":[0,0,0],"ti":[0,0,0]},{"i":{"x":0.001,"y":1},"o":{"x":0.333,"y":0},"t":34.632,"s":[334.589,300.246,0],"to":[1.819,36.497,0],"ti":[-1.819,-36.497,0]},{"i":{"x":0.667,"y":0.667},"o":{"x":0.333,"y":0.333},"t":39.252,"s":[345.502,519.225,0],"to":[0,0,0],"ti":[0,0,0]},{"i":{"x":0.013,"y":1},"o":{"x":0.333,"y":0},"t":42.333,"s":[345.502,519.225,0],"to":[-1.819,-36.497,0],"ti":[1.819,36.497,0]},{"i":{"x":0.667,"y":0.667},"o":{"x":0.167,"y":0.167},"t":46.953,"s":[334.589,300.246,0],"to":[0,0,0],"ti":[0,0,0]},{"i":{"x":0.001,"y":1},"o":{"x":0.333,"y":0},"t":65.268,"s":[334.589,300.246,0],"to":[1.819,36.497,0],"ti":[-1.819,-36.497,0]},{"i":{"x":0.667,"y":0.667},"o":{"x":0.333,"y":0.333},"t":70.013,"s":[345.502,519.225,0],"to":[0,0,0],"ti":[0,0,0]},{"i":{"x":0.013,"y":1},"o":{"x":0.333,"y":0},"t":73.177,"s":[345.502,519.225,0],"to":[-1.819,-36.497,0],"ti":[1.819,36.497,0]},{"i":{"x":0.667,"y":0.667},"o":{"x":0.333,"y":0.333},"t":77.922,"s":[334.589,300.246,0],"to":[0,0,0],"ti":[0,0,0]},{"i":{"x":0.001,"y":1},"o":{"x":0.333,"y":0},"t":90.909,"s":[334.589,300.246,0],"to":[1.819,36.497,0],"ti":[-1.819,-36.497,0]},{"i":{"x":0.667,"y":0.667},"o":{"x":0.333,"y":0.333},"t":95.529,"s":[345.502,519.225,0],"to":[0,0,0],"ti":[0,0,0]},{"i":{"x":0.013,"y":1},"o":{"x":0.333,"y":0},"t":98.61,"s":[345.502,519.225,0],"to":[-1.819,-36.497,0],"ti":[1.819,36.497,0]},{"i":{"x":0.667,"y":0.667},"o":{"x":0.167,"y":0.167},"t":103.23,"s":[334.589,300.246,0],"to":[0,0,0],"ti":[0,0,0]},{"i":{"x":0.001,"y":1},"o":{"x":0.333,"y":0},"t":118.881,"s":[334.589,300.246,0],"to":[1.819,36.497,0],"ti":[-1.819,-36.497,0]},{"i":{"x":0.667,"y":0.667},"o":{"x":0.333,"y":0.333},"t":123.626,"s":[345.502,519.225,0],"to":[0,0,0],"ti":[0,0,0]},{"i":{"x":0.013,"y":1},"o":{"x":0.333,"y":0},"t":126.79,"s":[345.502,519.225,0],"to":[-1.819,-36.497,0],"ti":[1.819,36.497,0]},{"i":{"x":0.667,"y":0.667},"o":{"x":0.333,"y":0.333},"t":131.535,"s":[334.589,300.246,0],"to":[0,0,0],"ti":[0,0,0]},{"i":{"x":0.001,"y":1},"o":{"x":0.333,"y":0},"t":144.522,"s":[334.589,300.246,0],"to":[1.819,36.497,0],"ti":[-1.819,-36.497,0]},{"i":{"x":0.667,"y":0.667},"o":{"x":0.333,"y":0.333},"t":149.142,"s":[345.502,519.225,0],"to":[0,0,0],"ti":[0,0,0]},{"i":{"x":0.013,"y":1},"o":{"x":0.333,"y":0},"t":152.223,"s":[345.502,519.225,0],"to":[-1.819,-36.497,0],"ti":[1.819,36.497,0]},{"i":{"x":0.667,"y":0.667},"o":{"x":0.167,"y":0.167},"t":156.843,"s":[334.589,300.246,0],"to":[0,0,0],"ti":[0,0,0]},{"i":{"x":0.001,"y":1},"o":{"x":0.333,"y":0},"t":175.158,"s":[334.589,300.246,0],"to":[1.819,36.497,0],"ti":[-1.819,-36.497,0]},{"i":{"x":0.667,"y":0.667},"o":{"x":0.333,"y":0.333},"t":179.903,"s":[345.502,519.225,0],"to":[0,0,0],"ti":[0,0,0]},{"i":{"x":0.013,"y":1},"o":{"x":0.333,"y":0},"t":183.067,"s":[345.502,519.225,0],"to":[-1.819,-36.497,0],"ti":[1.819,36.497,0]},{"i":{"x":0.667,"y":0.667},"o":{"x":0.333,"y":0.333},"t":187.812,"s":[334.589,300.246,0],"to":[0,0,0],"ti":[0,0,0]},{"i":{"x":0.001,"y":1},"o":{"x":0.333,"y":0},"t":200.799,"s":[334.589,300.246,0],"to":[1.819,36.497,0],"ti":[-1.819,-36.497,0]},{"i":{"x":0.667,"y":0.667},"o":{"x":0.333,"y":0.333},"t":205.419,"s":[345.502,519.225,0],"to":[0,0,0],"ti":[0,0,0]},{"i":{"x":0.013,"y":1},"o":{"x":0.333,"y":0},"t":208.5,"s":[345.502,519.225,0],"to":[-1.819,-36.497,0],"ti":[1.819,36.497,0]},{"t":213.120008680556,"s":[334.589,300.246,0]}],"ix":2},"a":{"a":0,"k":[70.624,140.152,0],"ix":1},"s":{"a":0,"k":[100,100,100],"ix":6}},"ao":0,"shapes":[{"ty":"gr","it":[{"ind":0,"ty":"sh","ix":1,"ks":{"a":0,"k":{"i":[[0,0],[0,0],[0,0],[0,0]],"o":[[0,0],[0,0],[0,0],[0,0]],"v":[[-57.608,139.902],[70.374,114.874],[52.339,-139.903],[-70.374,-67.416]],"c":true},"ix":2},"nm":"Path 1","mn":"ADBE Vector Shape - Group","hd":false},{"ty":"fl","c":{"a":0,"k":[0.286274509804,0.360784313725,0.909803981407,1],"ix":4},"o":{"a":0,"k":100,"ix":5},"r":1,"bm":0,"nm":"Fill 1","mn":"ADBE Vector Graphic - Fill","hd":false},{"ty":"tr","p":{"a":0,"k":[70.624,140.152],"ix":2},"a":{"a":0,"k":[0,0],"ix":1},"s":{"a":0,"k":[100,100],"ix":3},"r":{"a":0,"k":0,"ix":6},"o":{"a":0,"k":100,"ix":7},"sk":{"a":0,"k":0,"ix":4},"sa":{"a":0,"k":0,"ix":5},"nm":"Transform"}],"nm":"Group 1","np":2,"cix":2,"bm":0,"ix":1,"mn":"ADBE Vector Group","hd":false}],"ip":0,"op":602.064024522569,"st":0,"bm":0},{"ddd":0,"ind":9,"ty":4,"nm":"Eyes to Right Outlines","sr":1,"ks":{"o":{"a":0,"k":100,"ix":11},"r":{"a":0,"k":0,"ix":10},"p":{"a":1,"k":[{"i":{"x":0.001,"y":1},"o":{"x":0.333,"y":0},"t":8.991,"s":[457.791,546.806,0],"to":[0,1.667,0],"ti":[0,-1.667,0]},{"i":{"x":0.667,"y":0.667},"o":{"x":0.333,"y":0.333},"t":13.736,"s":[457.791,556.806,0],"to":[0,0,0],"ti":[0,0,0]},{"i":{"x":0.013,"y":1},"o":{"x":0.333,"y":0},"t":16.9,"s":[457.791,556.806,0],"to":[0,-1.667,0],"ti":[0,1.667,0]},{"i":{"x":0.667,"y":0.667},"o":{"x":0.333,"y":0.333},"t":21.645,"s":[457.791,546.806,0],"to":[0,0,0],"ti":[0,0,0]},{"i":{"x":0.001,"y":1},"o":{"x":0.333,"y":0},"t":34.632,"s":[457.791,546.806,0],"to":[0,1.667,0],"ti":[0,-1.667,0]},{"i":{"x":0.667,"y":0.667},"o":{"x":0.333,"y":0.333},"t":39.252,"s":[457.791,556.806,0],"to":[0,0,0],"ti":[0,0,0]},{"i":{"x":0.013,"y":1},"o":{"x":0.333,"y":0},"t":42.333,"s":[457.791,556.806,0],"to":[0,-1.667,0],"ti":[0,1.667,0]},{"i":{"x":0.667,"y":0.667},"o":{"x":0.167,"y":0.167},"t":46.953,"s":[457.791,546.806,0],"to":[0,0,0],"ti":[0,0,0]},{"i":{"x":0.001,"y":1},"o":{"x":0.333,"y":0},"t":65.268,"s":[457.791,546.806,0],"to":[0,1.667,0],"ti":[0,-1.667,0]},{"i":{"x":0.667,"y":0.667},"o":{"x":0.333,"y":0.333},"t":70.013,"s":[457.791,556.806,0],"to":[0,0,0],"ti":[0,0,0]},{"i":{"x":0.013,"y":1},"o":{"x":0.333,"y":0},"t":73.177,"s":[457.791,556.806,0],"to":[0,-1.667,0],"ti":[0,1.667,0]},{"i":{"x":0.667,"y":0.667},"o":{"x":0.333,"y":0.333},"t":77.922,"s":[457.791,546.806,0],"to":[0,0,0],"ti":[0,0,0]},{"i":{"x":0.001,"y":1},"o":{"x":0.333,"y":0},"t":90.909,"s":[457.791,546.806,0],"to":[0,1.667,0],"ti":[0,-1.667,0]},{"i":{"x":0.667,"y":0.667},"o":{"x":0.333,"y":0.333},"t":95.529,"s":[457.791,556.806,0],"to":[0,0,0],"ti":[0,0,0]},{"i":{"x":0.013,"y":1},"o":{"x":0.333,"y":0},"t":98.61,"s":[457.791,556.806,0],"to":[0,-1.667,0],"ti":[0,1.667,0]},{"i":{"x":0.667,"y":0.667},"o":{"x":0.167,"y":0.167},"t":103.23,"s":[457.791,546.806,0],"to":[0,0,0],"ti":[0,0,0]},{"i":{"x":0.001,"y":1},"o":{"x":0.333,"y":0},"t":118.881,"s":[457.791,546.806,0],"to":[0,1.667,0],"ti":[0,-1.667,0]},{"i":{"x":0.667,"y":0.667},"o":{"x":0.333,"y":0.333},"t":123.626,"s":[457.791,556.806,0],"to":[0,0,0],"ti":[0,0,0]},{"i":{"x":0.013,"y":1},"o":{"x":0.333,"y":0},"t":126.79,"s":[457.791,556.806,0],"to":[0,-1.667,0],"ti":[0,1.667,0]},{"i":{"x":0.667,"y":0.667},"o":{"x":0.333,"y":0.333},"t":131.535,"s":[457.791,546.806,0],"to":[0,0,0],"ti":[0,0,0]},{"i":{"x":0.001,"y":1},"o":{"x":0.333,"y":0},"t":144.522,"s":[457.791,546.806,0],"to":[0,1.667,0],"ti":[0,-1.667,0]},{"i":{"x":0.667,"y":0.667},"o":{"x":0.333,"y":0.333},"t":149.142,"s":[457.791,556.806,0],"to":[0,0,0],"ti":[0,0,0]},{"i":{"x":0.013,"y":1},"o":{"x":0.333,"y":0},"t":152.223,"s":[457.791,556.806,0],"to":[0,-1.667,0],"ti":[0,1.667,0]},{"i":{"x":0.667,"y":0.667},"o":{"x":0.167,"y":0.167},"t":156.843,"s":[457.791,546.806,0],"to":[0,0,0],"ti":[0,0,0]},{"i":{"x":0.001,"y":1},"o":{"x":0.333,"y":0},"t":175.158,"s":[457.791,546.806,0],"to":[0,1.667,0],"ti":[0,-1.667,0]},{"i":{"x":0.667,"y":0.667},"o":{"x":0.333,"y":0.333},"t":179.903,"s":[457.791,556.806,0],"to":[0,0,0],"ti":[0,0,0]},{"i":{"x":0.013,"y":1},"o":{"x":0.333,"y":0},"t":183.067,"s":[457.791,556.806,0],"to":[0,-1.667,0],"ti":[0,1.667,0]},{"i":{"x":0.667,"y":0.667},"o":{"x":0.333,"y":0.333},"t":187.812,"s":[457.791,546.806,0],"to":[0,0,0],"ti":[0,0,0]},{"i":{"x":0.001,"y":1},"o":{"x":0.333,"y":0},"t":200.799,"s":[457.791,546.806,0],"to":[0,1.667,0],"ti":[0,-1.667,0]},{"i":{"x":0.667,"y":0.667},"o":{"x":0.333,"y":0.333},"t":205.419,"s":[457.791,556.806,0],"to":[0,0,0],"ti":[0,0,0]},{"i":{"x":0.013,"y":1},"o":{"x":0.333,"y":0},"t":208.5,"s":[457.791,556.806,0],"to":[0,-1.667,0],"ti":[0,1.667,0]},{"t":213.120008680556,"s":[457.791,546.806,0]}],"ix":2},"a":{"a":0,"k":[120.463,93.47,0],"ix":1},"s":{"a":0,"k":[100,100,100],"ix":6}},"ao":0,"shapes":[{"ty":"gr","it":[{"ind":0,"ty":"sh","ix":1,"ks":{"a":0,"k":{"i":[[-4.096,-46.817],[18.726,-1.639],[4.096,46.817],[-18.727,1.639]],"o":[[4.096,46.817],[-18.727,1.638],[-4.096,-46.817],[18.727,-1.638]],"v":[[33.908,-2.967],[7.417,84.77],[-33.907,2.967],[-7.417,-84.77]],"c":true},"ix":2},"nm":"Path 1","mn":"ADBE Vector Shape - Group","hd":false},{"ty":"fl","c":{"a":0,"k":[0,0,0,1],"ix":4},"o":{"a":0,"k":100,"ix":5},"r":1,"bm":0,"nm":"Fill 1","mn":"ADBE Vector Graphic - Fill","hd":false},{"ty":"tr","p":{"a":1,"k":[{"i":{"x":0.001,"y":1},"o":{"x":0.333,"y":0},"t":8.991,"s":[202.672,86.658],"to":[0,0],"ti":[0,0]},{"i":{"x":0.667,"y":0.667},"o":{"x":0.333,"y":0.333},"t":21.645,"s":[147.172,90.033],"to":[0,0],"ti":[0,0]},{"i":{"x":0.001,"y":1},"o":{"x":0.333,"y":0},"t":34.632,"s":[147.172,90.033],"to":[0,0],"ti":[0,0]},{"i":{"x":0.667,"y":0.667},"o":{"x":0.167,"y":0.167},"t":46.953,"s":[202.672,86.658],"to":[0,0],"ti":[0,0]},{"i":{"x":0.001,"y":1},"o":{"x":0.333,"y":0},"t":65.268,"s":[202.672,86.658],"to":[0,0],"ti":[0,0]},{"i":{"x":0.667,"y":0.667},"o":{"x":0.333,"y":0.333},"t":77.922,"s":[147.172,90.033],"to":[0,0],"ti":[0,0]},{"i":{"x":0.001,"y":1},"o":{"x":0.333,"y":0},"t":90.909,"s":[147.172,90.033],"to":[0,0],"ti":[0,0]},{"i":{"x":0.667,"y":0.667},"o":{"x":0.167,"y":0.167},"t":103.23,"s":[202.672,86.658],"to":[0,0],"ti":[0,0]},{"i":{"x":0.001,"y":1},"o":{"x":0.333,"y":0},"t":118.881,"s":[202.672,86.658],"to":[0,0],"ti":[0,0]},{"i":{"x":0.667,"y":0.667},"o":{"x":0.333,"y":0.333},"t":131.535,"s":[147.172,90.033],"to":[0,0],"ti":[0,0]},{"i":{"x":0.001,"y":1},"o":{"x":0.333,"y":0},"t":144.522,"s":[147.172,90.033],"to":[0,0],"ti":[0,0]},{"i":{"x":0.667,"y":0.667},"o":{"x":0.167,"y":0.167},"t":156.843,"s":[202.672,86.658],"to":[0,0],"ti":[0,0]},{"i":{"x":0.001,"y":1},"o":{"x":0.333,"y":0},"t":175.158,"s":[202.672,86.658],"to":[0,0],"ti":[0,0]},{"i":{"x":0.667,"y":0.667},"o":{"x":0.333,"y":0.333},"t":187.812,"s":[147.172,90.033],"to":[0,0],"ti":[0,0]},{"i":{"x":0.001,"y":1},"o":{"x":0.333,"y":0},"t":200.799,"s":[147.172,90.033],"to":[0,0],"ti":[0,0]},{"t":213.120008680556,"s":[202.672,86.658]}],"ix":2},"a":{"a":0,"k":[0,0],"ix":1},"s":{"a":0,"k":[100,100],"ix":3},"r":{"a":0,"k":0,"ix":6},"o":{"a":0,"k":100,"ix":7},"sk":{"a":0,"k":0,"ix":4},"sa":{"a":0,"k":0,"ix":5},"nm":"Transform"}],"nm":"Group 1","np":2,"cix":2,"bm":0,"ix":1,"mn":"ADBE Vector Group","hd":false},{"ty":"gr","it":[{"ind":0,"ty":"sh","ix":1,"ks":{"a":0,"k":{"i":[[-6.529,-37.025],[12.342,-2.177],[6.528,37.025],[-12.342,2.176]],"o":[[6.529,37.025],[-12.341,2.176],[-6.529,-37.026],[12.342,-2.176]],"v":[[22.347,-1.479],[11.821,69.502],[-22.347,6.402],[-11.822,-64.579]],"c":true},"ix":2},"nm":"Path 1","mn":"ADBE Vector Shape - Group","hd":false},{"ty":"fl","c":{"a":0,"k":[0,0,0,1],"ix":4},"o":{"a":0,"k":100,"ix":5},"r":1,"bm":0,"nm":"Fill 1","mn":"ADBE Vector Graphic - Fill","hd":false},{"ty":"tr","p":{"a":1,"k":[{"i":{"x":0.001,"y":1},"o":{"x":0.333,"y":0},"t":8.991,"s":[29.125,117.473],"to":[0,0],"ti":[0,0]},{"i":{"x":0.667,"y":0.667},"o":{"x":0.333,"y":0.333},"t":21.645,"s":[-7.875,122.973],"to":[0,0],"ti":[0,0]},{"i":{"x":0.001,"y":1},"o":{"x":0.333,"y":0},"t":34.632,"s":[-7.875,122.973],"to":[0,0],"ti":[0,0]},{"i":{"x":0.667,"y":0.667},"o":{"x":0.167,"y":0.167},"t":46.953,"s":[29.125,117.473],"to":[0,0],"ti":[0,0]},{"i":{"x":0.001,"y":1},"o":{"x":0.333,"y":0},"t":65.268,"s":[29.125,117.473],"to":[0,0],"ti":[0,0]},{"i":{"x":0.667,"y":0.667},"o":{"x":0.333,"y":0.333},"t":77.922,"s":[-7.875,122.973],"to":[0,0],"ti":[0,0]},{"i":{"x":0.001,"y":1},"o":{"x":0.333,"y":0},"t":90.909,"s":[-7.875,122.973],"to":[0,0],"ti":[0,0]},{"i":{"x":0.667,"y":0.667},"o":{"x":0.167,"y":0.167},"t":103.23,"s":[29.125,117.473],"to":[0,0],"ti":[0,0]},{"i":{"x":0.001,"y":1},"o":{"x":0.333,"y":0},"t":118.881,"s":[29.125,117.473],"to":[0,0],"ti":[0,0]},{"i":{"x":0.667,"y":0.667},"o":{"x":0.333,"y":0.333},"t":131.535,"s":[-7.875,122.973],"to":[0,0],"ti":[0,0]},{"i":{"x":0.001,"y":1},"o":{"x":0.333,"y":0},"t":144.522,"s":[-7.875,122.973],"to":[0,0],"ti":[0,0]},{"i":{"x":0.667,"y":0.667},"o":{"x":0.167,"y":0.167},"t":156.843,"s":[29.125,117.473],"to":[0,0],"ti":[0,0]},{"i":{"x":0.001,"y":1},"o":{"x":0.333,"y":0},"t":175.158,"s":[29.125,117.473],"to":[0,0],"ti":[0,0]},{"i":{"x":0.667,"y":0.667},"o":{"x":0.333,"y":0.333},"t":187.812,"s":[-7.875,122.973],"to":[0,0],"ti":[0,0]},{"i":{"x":0.001,"y":1},"o":{"x":0.333,"y":0},"t":200.799,"s":[-7.875,122.973],"to":[0,0],"ti":[0,0]},{"t":213.120008680556,"s":[29.125,117.473]}],"ix":2},"a":{"a":0,"k":[0,0],"ix":1},"s":{"a":0,"k":[100,100],"ix":3},"r":{"a":0,"k":0,"ix":6},"o":{"a":0,"k":100,"ix":7},"sk":{"a":0,"k":0,"ix":4},"sa":{"a":0,"k":0,"ix":5},"nm":"Transform"}],"nm":"Group 2","np":2,"cix":2,"bm":0,"ix":2,"mn":"ADBE Vector Group","hd":false}],"ip":0,"op":602.064024522569,"st":0,"bm":0},{"ddd":0,"ind":10,"ty":4,"nm":"Right Eye Open Outlines","sr":1,"ks":{"o":{"a":0,"k":100,"ix":11},"r":{"a":0,"k":0,"ix":10},"p":{"a":0,"k":[515.185,540,0],"ix":2},"a":{"a":0,"k":[93.211,173.884,0],"ix":1},"s":{"a":0,"k":[100,100,100],"ix":6}},"ao":0,"shapes":[{"ty":"gr","it":[{"ind":0,"ty":"sh","ix":1,"ks":{"a":0,"k":{"i":[[-8.192,-93.634],[46.817,-4.096],[8.192,93.633],[-46.817,4.096]],"o":[[8.192,93.634],[-46.816,4.096],[-8.191,-93.634],[46.817,-4.096]],"v":[[84.769,-7.417],[14.832,169.538],[-84.77,7.417],[-14.833,-169.538]],"c":true},"ix":2},"nm":"Path 1","mn":"ADBE Vector Shape - Group","hd":false},{"ty":"fl","c":{"a":0,"k":[1,1,1,1],"ix":4},"o":{"a":0,"k":100,"ix":5},"r":1,"bm":0,"nm":"Fill 1","mn":"ADBE Vector Graphic - Fill","hd":false},{"ty":"tr","p":{"a":0,"k":[93.211,173.885],"ix":2},"a":{"a":0,"k":[0,0],"ix":1},"s":{"a":0,"k":[100,100],"ix":3},"r":{"a":0,"k":0,"ix":6},"o":{"a":0,"k":100,"ix":7},"sk":{"a":0,"k":0,"ix":4},"sa":{"a":0,"k":0,"ix":5},"nm":"Transform"}],"nm":"Group 1","np":2,"cix":2,"bm":0,"ix":1,"mn":"ADBE Vector Group","hd":false}],"ip":0,"op":602.064024522569,"st":0,"bm":0},{"ddd":0,"ind":11,"ty":4,"nm":"Left Eye Open Outlines","sr":1,"ks":{"o":{"a":0,"k":100,"ix":11},"r":{"a":0,"k":0,"ix":10},"p":{"a":0,"k":[348.634,573.952,0],"ix":2},"a":{"a":0,"k":[69.718,145.358,0],"ix":1},"s":{"a":0,"k":[100,100,100],"ix":6}},"ao":0,"shapes":[{"ty":"gr","it":[{"ind":0,"ty":"sh","ix":1,"ks":{"a":0,"k":{"i":[[-13.601,-77.136],[30.855,-5.44],[13.601,77.136],[-30.855,5.44]],"o":[[13.601,77.136],[-30.854,5.441],[-13.601,-77.136],[30.854,-5.441]],"v":[[55.867,-9.851],[24.627,139.667],[-55.867,9.851],[-24.627,-139.667]],"c":true},"ix":2},"nm":"Path 1","mn":"ADBE Vector Shape - Group","hd":false},{"ty":"fl","c":{"a":0,"k":[1,1,1,1],"ix":4},"o":{"a":0,"k":100,"ix":5},"r":1,"bm":0,"nm":"Fill 1","mn":"ADBE Vector Graphic - Fill","hd":false},{"ty":"tr","p":{"a":0,"k":[69.718,145.358],"ix":2},"a":{"a":0,"k":[0,0],"ix":1},"s":{"a":0,"k":[100,100],"ix":3},"r":{"a":0,"k":0,"ix":6},"o":{"a":0,"k":100,"ix":7},"sk":{"a":0,"k":0,"ix":4},"sa":{"a":0,"k":0,"ix":5},"nm":"Transform"}],"nm":"Group 1","np":2,"cix":2,"bm":0,"ix":1,"mn":"ADBE Vector Group","hd":false}],"ip":0,"op":602.064024522569,"st":0,"bm":0},{"ddd":0,"ind":12,"ty":4,"nm":"Head Outlines","sr":1,"ks":{"o":{"a":0,"k":100,"ix":11},"r":{"a":0,"k":0,"ix":10},"p":{"a":0,"k":[540,540,0],"ix":2},"a":{"a":0,"k":[283.893,283.894,0],"ix":1},"s":{"a":0,"k":[100,100,100],"ix":6}},"ao":0,"shapes":[{"ty":"gr","it":[{"ind":0,"ty":"sh","ix":1,"ks":{"a":0,"k":{"i":[[0,-156.652],[156.652,0],[0,156.652],[-156.652,0]],"o":[[0,156.652],[-156.652,0],[0,-156.652],[156.652,0]],"v":[[283.643,0],[-0.001,283.644],[-283.644,0],[-0.001,-283.644]],"c":true},"ix":2},"nm":"Path 1","mn":"ADBE Vector Shape - Group","hd":false},{"ty":"fl","c":{"a":0,"k":[0.286274509804,0.360784313725,0.909803981407,1],"ix":4},"o":{"a":0,"k":100,"ix":5},"r":1,"bm":0,"nm":"Fill 1","mn":"ADBE Vector Graphic - Fill","hd":false},{"ty":"tr","p":{"a":0,"k":[283.893,283.894],"ix":2},"a":{"a":0,"k":[0,0],"ix":1},"s":{"a":0,"k":[100,100],"ix":3},"r":{"a":0,"k":0,"ix":6},"o":{"a":0,"k":100,"ix":7},"sk":{"a":0,"k":0,"ix":4},"sa":{"a":0,"k":0,"ix":5},"nm":"Transform"}],"nm":"Group 1","np":2,"cix":2,"bm":0,"ix":1,"mn":"ADBE Vector Group","hd":false}],"ip":0,"op":602.064024522569,"st":0,"bm":0}]}],"layers":[{"ddd":0,"ind":1,"ty":0,"nm":"Cee Animation","refId":"comp_0","sr":1,"ks":{"o":{"a":0,"k":100,"ix":11},"r":{"a":0,"k":0,"ix":10},"p":{"a":0,"k":[540,540,0],"ix":2},"a":{"a":0,"k":[540,540,0],"ix":1},"s":{"a":0,"k":[162,162,100],"ix":6}},"ao":0,"w":1080,"h":1080,"ip":0,"op":603.396024576823,"st":0,"bm":0},{"ddd":0,"ind":2,"ty":4,"nm":"Shape Layer 1","sr":1,"ks":{"o":{"a":0,"k":100,"ix":11},"r":{"a":0,"k":0,"ix":10},"p":{"a":0,"k":[540,641.64,0],"ix":2},"a":{"a":0,"k":[0,0,0],"ix":1},"s":{"a":0,"k":[121,121,100],"ix":6}},"ao":0,"shapes":[{"ty":"gr","it":[{"d":1,"ty":"el","s":{"a":0,"k":[784,784],"ix":2},"p":{"a":0,"k":[0,0],"ix":3},"nm":"Ellipse Path 1","mn":"ADBE Vector Shape - Ellipse","hd":false},{"ty":"fl","c":{"a":0,"k":[1,1,1,1],"ix":4},"o":{"a":0,"k":100,"ix":5},"r":1,"bm":0,"nm":"Fill 1","mn":"ADBE Vector Graphic - Fill","hd":false},{"ty":"tr","p":{"a":0,"k":[0,-84],"ix":2},"a":{"a":0,"k":[0,0],"ix":1},"s":{"a":0,"k":[100,100],"ix":3},"r":{"a":0,"k":0,"ix":6},"o":{"a":0,"k":100,"ix":7},"sk":{"a":0,"k":0,"ix":4},"sa":{"a":0,"k":0,"ix":5},"nm":"Transform"}],"nm":"Ellipse 1","np":3,"cix":2,"bm":0,"ix":1,"mn":"ADBE Vector Group","hd":false}],"ip":0,"op":325.000013237521,"st":0,"bm":0}],"markers":[]}