{"v":"4.8.0","meta":{"g":"LottieFiles AE 3.1.1","a":"","k":"","d":"","tc":""},"fr":29.9700012207031,"ip":0,"op":270.000010997325,"w":1080,"h":1080,"nm":"Comp 5","ddd":0,"assets":[{"id":"comp_0","layers":[{"ddd":0,"ind":1,"ty":4,"nm":"Right Eyelid Outlines 2","td":1,"sr":1,"ks":{"o":{"a":0,"k":100,"ix":11},"r":{"a":0,"k":180.192,"ix":10},"p":{"a":1,"k":[{"i":{"x":0.6,"y":0.2},"o":{"x":0.26,"y":0},"t":10.223,"s":[498,803,0],"to":[0,-16,0],"ti":[0,0,0]},{"i":{"x":0.6,"y":0.2},"o":{"x":0.26,"y":0},"t":17.556,"s":[498,707,0],"to":[0,0,0],"ti":[0,-16,0]},{"i":{"x":0.6,"y":0.6},"o":{"x":0.26,"y":0.26},"t":24.889,"s":[498,803,0],"to":[0,0,0],"ti":[0,0,0]},{"i":{"x":0.6,"y":0.2},"o":{"x":0.26,"y":0},"t":118.334,"s":[498,803,0],"to":[0,-16,0],"ti":[0,0,0]},{"i":{"x":0.6,"y":0.2},"o":{"x":0.26,"y":0},"t":125.668,"s":[498,707,0],"to":[0,0,0],"ti":[0,-16,0]},{"t":133.000005417201,"s":[498,803,0]}],"ix":2},"a":{"a":0,"k":[960,540,0],"ix":1},"s":{"a":0,"k":[100,100,100],"ix":6}},"ao":0,"shapes":[{"ty":"gr","it":[{"ind":0,"ty":"sh","ix":1,"ks":{"a":0,"k":{"i":[[0,0],[0,0],[0,0],[0,0]],"o":[[0,0],[0,0],[0,0],[0,0]],"v":[[-79.068,143.68],[98.161,128.175],[98.161,-143.68],[-98.161,-143.68]],"c":true},"ix":2},"nm":"Path 1","mn":"ADBE Vector Shape - Group","hd":false},{"ty":"fl","c":{"a":0,"k":[0.286274509804,0.360784313725,0.909803981407,1],"ix":4},"o":{"a":0,"k":100,"ix":5},"r":1,"bm":0,"nm":"Fill 1","mn":"ADBE Vector Graphic - Fill","hd":false},{"ty":"tr","p":{"a":0,"k":[928.097,489.276],"ix":2},"a":{"a":0,"k":[0,0],"ix":1},"s":{"a":0,"k":[100,100],"ix":3},"r":{"a":0,"k":0,"ix":6},"o":{"a":0,"k":100,"ix":7},"sk":{"a":0,"k":0,"ix":4},"sa":{"a":0,"k":0,"ix":5},"nm":"Transform"}],"nm":"Group 1","np":2,"cix":2,"bm":0,"ix":1,"mn":"ADBE Vector Group","hd":false}],"ip":0,"op":325.000013237521,"st":0,"bm":0},{"ddd":0,"ind":2,"ty":4,"nm":"Head Outlines 2","tt":1,"sr":1,"ks":{"o":{"a":0,"k":100,"ix":11},"r":{"a":0,"k":0,"ix":10},"p":{"a":0,"k":[540,540,0],"ix":2},"a":{"a":0,"k":[960,540,0],"ix":1},"s":{"a":0,"k":[100,100,100],"ix":6}},"ao":0,"shapes":[{"ty":"gr","it":[{"ind":0,"ty":"sh","ix":1,"ks":{"a":0,"k":{"i":[[0,-156.652],[156.652,0],[0,156.652],[-156.652,0]],"o":[[0,156.652],[-156.652,0],[0,-156.652],[156.652,0]],"v":[[283.643,0],[-0.001,283.644],[-283.643,0],[-0.001,-283.644]],"c":true},"ix":2},"nm":"Path 1","mn":"ADBE Vector Shape - Group","hd":false},{"ty":"fl","c":{"a":0,"k":[0.286274509804,0.360784313725,0.909803981407,1],"ix":4},"o":{"a":0,"k":100,"ix":5},"r":1,"bm":0,"nm":"Fill 1","mn":"ADBE Vector Graphic - Fill","hd":false},{"ty":"tr","p":{"a":0,"k":[960,540],"ix":2},"a":{"a":0,"k":[0,0],"ix":1},"s":{"a":0,"k":[100,100],"ix":3},"r":{"a":0,"k":0,"ix":6},"o":{"a":0,"k":100,"ix":7},"sk":{"a":0,"k":0,"ix":4},"sa":{"a":0,"k":0,"ix":5},"nm":"Transform"}],"nm":"Group 1","np":2,"cix":2,"bm":0,"ix":1,"mn":"ADBE Vector Group","hd":false}],"ip":0,"op":325.000013237521,"st":0,"bm":0},{"ddd":0,"ind":3,"ty":4,"nm":"Right Eyelid Outlines","td":1,"sr":1,"ks":{"o":{"a":0,"k":100,"ix":11},"r":{"a":0,"k":0,"ix":10},"p":{"a":1,"k":[{"i":{"x":0.6,"y":0.2},"o":{"x":0.26,"y":0},"t":10.223,"s":[540,278,0],"to":[0,43.667,0],"ti":[0,0,0]},{"i":{"x":0.6,"y":0.2},"o":{"x":0.26,"y":0},"t":17.556,"s":[540,540,0],"to":[0,0,0],"ti":[0,43.667,0]},{"i":{"x":0.6,"y":0.6},"o":{"x":0.26,"y":0.26},"t":24.889,"s":[540,278,0],"to":[0,0,0],"ti":[0,0,0]},{"i":{"x":0.6,"y":0.2},"o":{"x":0.26,"y":0},"t":118.334,"s":[540,278,0],"to":[0,43.667,0],"ti":[0,0,0]},{"i":{"x":0.6,"y":0.2},"o":{"x":0.26,"y":0},"t":125.668,"s":[540,540,0],"to":[0,0,0],"ti":[0,43.667,0]},{"t":133.000005417201,"s":[540,278,0]}],"ix":2},"a":{"a":0,"k":[960,540,0],"ix":1},"s":{"a":0,"k":[100,100,100],"ix":6}},"ao":0,"shapes":[{"ty":"gr","it":[{"ind":0,"ty":"sh","ix":1,"ks":{"a":0,"k":{"i":[[0,0],[0,0],[0,0],[0,0]],"o":[[0,0],[0,0],[0,0],[0,0]],"v":[[-79.068,143.68],[98.161,128.175],[98.161,-143.68],[-98.161,-143.68]],"c":true},"ix":2},"nm":"Path 1","mn":"ADBE Vector Shape - Group","hd":false},{"ty":"fl","c":{"a":0,"k":[0.286274509804,0.360784313725,0.909803981407,1],"ix":4},"o":{"a":0,"k":100,"ix":5},"r":1,"bm":0,"nm":"Fill 1","mn":"ADBE Vector Graphic - Fill","hd":false},{"ty":"tr","p":{"a":0,"k":[928.097,489.276],"ix":2},"a":{"a":0,"k":[0,0],"ix":1},"s":{"a":0,"k":[100,100],"ix":3},"r":{"a":0,"k":0,"ix":6},"o":{"a":0,"k":100,"ix":7},"sk":{"a":0,"k":0,"ix":4},"sa":{"a":0,"k":0,"ix":5},"nm":"Transform"}],"nm":"Group 1","np":2,"cix":2,"bm":0,"ix":1,"mn":"ADBE Vector Group","hd":false}],"ip":0,"op":325.000013237521,"st":0,"bm":0},{"ddd":0,"ind":4,"ty":4,"nm":"Head Outlines 3","tt":1,"sr":1,"ks":{"o":{"a":0,"k":100,"ix":11},"r":{"a":0,"k":0,"ix":10},"p":{"a":0,"k":[540,540,0],"ix":2},"a":{"a":0,"k":[960,540,0],"ix":1},"s":{"a":0,"k":[100,100,100],"ix":6}},"ao":0,"shapes":[{"ty":"gr","it":[{"ind":0,"ty":"sh","ix":1,"ks":{"a":0,"k":{"i":[[0,-156.652],[156.652,0],[0,156.652],[-156.652,0]],"o":[[0,156.652],[-156.652,0],[0,-156.652],[156.652,0]],"v":[[283.643,0],[-0.001,283.644],[-283.643,0],[-0.001,-283.644]],"c":true},"ix":2},"nm":"Path 1","mn":"ADBE Vector Shape - Group","hd":false},{"ty":"fl","c":{"a":0,"k":[0.286274509804,0.360784313725,0.909803981407,1],"ix":4},"o":{"a":0,"k":100,"ix":5},"r":1,"bm":0,"nm":"Fill 1","mn":"ADBE Vector Graphic - Fill","hd":false},{"ty":"tr","p":{"a":0,"k":[960,540],"ix":2},"a":{"a":0,"k":[0,0],"ix":1},"s":{"a":0,"k":[100,100],"ix":3},"r":{"a":0,"k":0,"ix":6},"o":{"a":0,"k":100,"ix":7},"sk":{"a":0,"k":0,"ix":4},"sa":{"a":0,"k":0,"ix":5},"nm":"Transform"}],"nm":"Group 1","np":2,"cix":2,"bm":0,"ix":1,"mn":"ADBE Vector Group","hd":false}],"ip":0,"op":325.000013237521,"st":0,"bm":0},{"ddd":0,"ind":5,"ty":4,"nm":"Left Eyelid Outlines 2","td":1,"sr":1,"ks":{"o":{"a":0,"k":100,"ix":11},"r":{"a":0,"k":180.405,"ix":10},"p":{"a":1,"k":[{"i":{"x":0.6,"y":0.2},"o":{"x":0.26,"y":0},"t":10.223,"s":[356,837,0],"to":[0,-13.833,0],"ti":[0,0,0]},{"i":{"x":0.6,"y":0.2},"o":{"x":0.26,"y":0},"t":17.556,"s":[356,754,0],"to":[0,0,0],"ti":[0,-13.833,0]},{"i":{"x":0.6,"y":0.6},"o":{"x":0.26,"y":0.26},"t":24.889,"s":[356,837,0],"to":[0,0,0],"ti":[0,0,0]},{"i":{"x":0.6,"y":0.2},"o":{"x":0.26,"y":0},"t":118.334,"s":[356,837,0],"to":[0,-13.833,0],"ti":[0,0,0]},{"i":{"x":0.6,"y":0.2},"o":{"x":0.26,"y":0},"t":125.668,"s":[356,754,0],"to":[0,0,0],"ti":[0,-13.833,0]},{"t":133.000005417201,"s":[356,837,0]}],"ix":2},"a":{"a":0,"k":[764,536,0],"ix":1},"s":{"a":0,"k":[100,100,100],"ix":6}},"ao":0,"shapes":[{"ty":"gr","it":[{"ind":0,"ty":"sh","ix":1,"ks":{"a":0,"k":{"i":[[0,0],[0,0],[0,0],[0,0]],"o":[[0,0],[0,0],[0,0],[0,0]],"v":[[-57.608,139.902],[70.374,114.875],[52.339,-139.903],[-70.374,-67.417]],"c":true},"ix":2},"nm":"Path 1","mn":"ADBE Vector Shape - Group","hd":false},{"ty":"fl","c":{"a":0,"k":[0.286274509804,0.360784313725,0.909803981407,1],"ix":4},"o":{"a":0,"k":100,"ix":5},"r":1,"bm":0,"nm":"Fill 1","mn":"ADBE Vector Graphic - Fill","hd":false},{"ty":"tr","p":{"a":0,"k":[765.502,519.225],"ix":2},"a":{"a":0,"k":[0,0],"ix":1},"s":{"a":0,"k":[100,100],"ix":3},"r":{"a":0,"k":0,"ix":6},"o":{"a":0,"k":100,"ix":7},"sk":{"a":0,"k":0,"ix":4},"sa":{"a":0,"k":0,"ix":5},"nm":"Transform"}],"nm":"Group 1","np":2,"cix":2,"bm":0,"ix":1,"mn":"ADBE Vector Group","hd":false}],"ip":0,"op":325.000013237521,"st":0,"bm":0},{"ddd":0,"ind":6,"ty":4,"nm":"Head Outlines 4","tt":1,"sr":1,"ks":{"o":{"a":0,"k":100,"ix":11},"r":{"a":0,"k":0,"ix":10},"p":{"a":0,"k":[540,540,0],"ix":2},"a":{"a":0,"k":[960,540,0],"ix":1},"s":{"a":0,"k":[100,100,100],"ix":6}},"ao":0,"shapes":[{"ty":"gr","it":[{"ind":0,"ty":"sh","ix":1,"ks":{"a":0,"k":{"i":[[0,-156.652],[156.652,0],[0,156.652],[-156.652,0]],"o":[[0,156.652],[-156.652,0],[0,-156.652],[156.652,0]],"v":[[283.643,0],[-0.001,283.644],[-283.643,0],[-0.001,-283.644]],"c":true},"ix":2},"nm":"Path 1","mn":"ADBE Vector Shape - Group","hd":false},{"ty":"fl","c":{"a":0,"k":[0.286274509804,0.360784313725,0.909803981407,1],"ix":4},"o":{"a":0,"k":100,"ix":5},"r":1,"bm":0,"nm":"Fill 1","mn":"ADBE Vector Graphic - Fill","hd":false},{"ty":"tr","p":{"a":0,"k":[960,540],"ix":2},"a":{"a":0,"k":[0,0],"ix":1},"s":{"a":0,"k":[100,100],"ix":3},"r":{"a":0,"k":0,"ix":6},"o":{"a":0,"k":100,"ix":7},"sk":{"a":0,"k":0,"ix":4},"sa":{"a":0,"k":0,"ix":5},"nm":"Transform"}],"nm":"Group 1","np":2,"cix":2,"bm":0,"ix":1,"mn":"ADBE Vector Group","hd":false}],"ip":0,"op":325.000013237521,"st":0,"bm":0},{"ddd":0,"ind":7,"ty":4,"nm":"Left Eyelid Outlines","td":1,"sr":1,"ks":{"o":{"a":0,"k":100,"ix":11},"r":{"a":0,"k":0,"ix":10},"p":{"a":1,"k":[{"i":{"x":0.6,"y":0.2},"o":{"x":0.26,"y":0},"t":10.223,"s":[344,313,0],"to":[0,37.167,0],"ti":[0,0,0]},{"i":{"x":0.6,"y":0.2},"o":{"x":0.26,"y":0},"t":17.556,"s":[344,536,0],"to":[0,0,0],"ti":[0,37.167,0]},{"i":{"x":0.6,"y":0.6},"o":{"x":0.26,"y":0.26},"t":24.889,"s":[344,313,0],"to":[0,0,0],"ti":[0,0,0]},{"i":{"x":0.6,"y":0.2},"o":{"x":0.26,"y":0},"t":118.334,"s":[344,313,0],"to":[0,37.167,0],"ti":[0,0,0]},{"i":{"x":0.6,"y":0.2},"o":{"x":0.26,"y":0},"t":125.668,"s":[344,536,0],"to":[0,0,0],"ti":[0,37.167,0]},{"t":133.000005417201,"s":[344,313,0]}],"ix":2},"a":{"a":0,"k":[764,536,0],"ix":1},"s":{"a":0,"k":[100,100,100],"ix":6}},"ao":0,"shapes":[{"ty":"gr","it":[{"ind":0,"ty":"sh","ix":1,"ks":{"a":0,"k":{"i":[[0,0],[0,0],[0,0],[0,0]],"o":[[0,0],[0,0],[0,0],[0,0]],"v":[[-57.608,139.902],[70.374,114.875],[52.339,-139.903],[-70.374,-67.417]],"c":true},"ix":2},"nm":"Path 1","mn":"ADBE Vector Shape - Group","hd":false},{"ty":"fl","c":{"a":0,"k":[0.286274509804,0.360784313725,0.909803981407,1],"ix":4},"o":{"a":0,"k":100,"ix":5},"r":1,"bm":0,"nm":"Fill 1","mn":"ADBE Vector Graphic - Fill","hd":false},{"ty":"tr","p":{"a":0,"k":[765.502,519.225],"ix":2},"a":{"a":0,"k":[0,0],"ix":1},"s":{"a":0,"k":[100,100],"ix":3},"r":{"a":0,"k":0,"ix":6},"o":{"a":0,"k":100,"ix":7},"sk":{"a":0,"k":0,"ix":4},"sa":{"a":0,"k":0,"ix":5},"nm":"Transform"}],"nm":"Group 1","np":2,"cix":2,"bm":0,"ix":1,"mn":"ADBE Vector Group","hd":false}],"ip":0,"op":325.000013237521,"st":0,"bm":0},{"ddd":0,"ind":8,"ty":4,"nm":"Head Outlines 5","tt":1,"sr":1,"ks":{"o":{"a":0,"k":100,"ix":11},"r":{"a":0,"k":0,"ix":10},"p":{"a":0,"k":[540,540,0],"ix":2},"a":{"a":0,"k":[960,540,0],"ix":1},"s":{"a":0,"k":[100,100,100],"ix":6}},"ao":0,"shapes":[{"ty":"gr","it":[{"ind":0,"ty":"sh","ix":1,"ks":{"a":0,"k":{"i":[[0,-156.652],[156.652,0],[0,156.652],[-156.652,0]],"o":[[0,156.652],[-156.652,0],[0,-156.652],[156.652,0]],"v":[[283.643,0],[-0.001,283.644],[-283.643,0],[-0.001,-283.644]],"c":true},"ix":2},"nm":"Path 1","mn":"ADBE Vector Shape - Group","hd":false},{"ty":"fl","c":{"a":0,"k":[0.286274509804,0.360784313725,0.909803981407,1],"ix":4},"o":{"a":0,"k":100,"ix":5},"r":1,"bm":0,"nm":"Fill 1","mn":"ADBE Vector Graphic - Fill","hd":false},{"ty":"tr","p":{"a":0,"k":[960,540],"ix":2},"a":{"a":0,"k":[0,0],"ix":1},"s":{"a":0,"k":[100,100],"ix":3},"r":{"a":0,"k":0,"ix":6},"o":{"a":0,"k":100,"ix":7},"sk":{"a":0,"k":0,"ix":4},"sa":{"a":0,"k":0,"ix":5},"nm":"Transform"}],"nm":"Group 1","np":2,"cix":2,"bm":0,"ix":1,"mn":"ADBE Vector Group","hd":false}],"ip":0,"op":325.000013237521,"st":0,"bm":0},{"ddd":0,"ind":11,"ty":4,"nm":"Shape Layer 1","parent":12,"sr":1,"ks":{"o":{"a":0,"k":100,"ix":11},"r":{"a":0,"k":0,"ix":10},"p":{"a":0,"k":[1049.694,535.5,0],"ix":2},"a":{"a":0,"k":[0,0,0],"ix":1},"s":{"a":0,"k":[100,100,100],"ix":6}},"ao":0,"shapes":[{"ty":"gr","it":[{"d":1,"ty":"el","s":{"a":0,"k":[14,30.5],"ix":2},"p":{"a":0,"k":[0,0],"ix":3},"nm":"Ellipse Path 1","mn":"ADBE Vector Shape - Ellipse","hd":false},{"ty":"fl","c":{"a":0,"k":[1,1,1,1],"ix":4},"o":{"a":0,"k":100,"ix":5},"r":1,"bm":0,"nm":"Fill 1","mn":"ADBE Vector Graphic - Fill","hd":false},{"ty":"tr","p":{"a":0,"k":[-244,27.25],"ix":2},"a":{"a":0,"k":[0,0],"ix":1},"s":{"a":0,"k":[95.13,93.544],"ix":3},"r":{"a":0,"k":-8.234,"ix":6},"o":{"a":0,"k":100,"ix":7},"sk":{"a":0,"k":0,"ix":4},"sa":{"a":0,"k":0,"ix":5},"nm":"Transform"}],"nm":"Ellipse 2","np":3,"cix":2,"bm":0,"ix":1,"mn":"ADBE Vector Group","hd":false},{"ty":"gr","it":[{"d":1,"ty":"el","s":{"a":0,"k":[33.5,36],"ix":2},"p":{"a":0,"k":[0,0],"ix":3},"nm":"Ellipse Path 1","mn":"ADBE Vector Shape - Ellipse","hd":false},{"ty":"fl","c":{"a":0,"k":[1,1,1,1],"ix":4},"o":{"a":0,"k":100,"ix":5},"r":1,"bm":0,"nm":"Fill 1","mn":"ADBE Vector Graphic - Fill","hd":false},{"ty":"tr","p":{"a":0,"k":[-61.25,-2],"ix":2},"a":{"a":0,"k":[0,0],"ix":1},"s":{"a":0,"k":[81.405,124.324],"ix":3},"r":{"a":0,"k":-6.465,"ix":6},"o":{"a":0,"k":100,"ix":7},"sk":{"a":0,"k":0,"ix":4},"sa":{"a":0,"k":0,"ix":5},"nm":"Transform"}],"nm":"Ellipse 1","np":3,"cix":2,"bm":0,"ix":2,"mn":"ADBE Vector Group","hd":false}],"ip":0,"op":325.000013237521,"st":0,"bm":0},{"ddd":0,"ind":12,"ty":4,"nm":"Eyes to Right Outlines","sr":1,"ks":{"o":{"a":0,"k":100,"ix":11},"r":{"a":0,"k":0,"ix":10},"p":{"a":1,"k":[{"i":{"x":0.1,"y":1},"o":{"x":0.9,"y":0},"t":20,"s":[490.806,540,0],"to":[9.667,0,0],"ti":[-9.667,0,0]},{"i":{"x":0.1,"y":0.1},"o":{"x":0.9,"y":0.9},"t":27.334,"s":[548.806,540,0],"to":[0,0,0],"ti":[0,0,0]},{"i":{"x":0.1,"y":0.1},"o":{"x":0.9,"y":0.9},"t":35.371,"s":[548.806,540,0],"to":[0,0,0],"ti":[0,0,0]},{"i":{"x":0.1,"y":1},"o":{"x":0,"y":0},"t":81.778,"s":[548.806,540,0],"to":[-9.167,0,0],"ti":[9.167,0,0]},{"i":{"x":0.1,"y":0.1},"o":{"x":0.001,"y":0.001},"t":87.889,"s":[493.806,540,0],"to":[0,0,0],"ti":[0,0,0]},{"i":{"x":0.1,"y":0.1},"o":{"x":0.277,"y":0.277},"t":95.223,"s":[493.806,540,0],"to":[0,0,0],"ti":[0,0,0]},{"i":{"x":0.1,"y":1},"o":{"x":0.167,"y":0},"t":123.223,"s":[493.806,540,0],"to":[3.333,0,0],"ti":[-3.333,0,0]},{"i":{"x":0.1,"y":0.1},"o":{"x":0.167,"y":0.167},"t":129.334,"s":[513.806,540,0],"to":[0,0,0],"ti":[0,0,0]},{"i":{"x":0.1,"y":0.1},"o":{"x":0.167,"y":0.167},"t":135.445,"s":[513.806,540,0],"to":[0,0,0],"ti":[0,0,0]},{"i":{"x":0.833,"y":1},"o":{"x":0.167,"y":0},"t":193.223,"s":[513.806,540,0],"to":[-3.833,0,0],"ti":[3.833,0,0]},{"i":{"x":0.833,"y":0.833},"o":{"x":0.167,"y":0.167},"t":199,"s":[490.806,540,0],"to":[0,0,0],"ti":[0,0,0]},{"t":205.445008367946,"s":[490.806,540,0]}],"ix":2},"a":{"a":0,"k":[960,540,0],"ix":1},"s":{"a":0,"k":[100,100,100],"ix":6}},"ao":0,"shapes":[{"ty":"gr","it":[{"ind":0,"ty":"sh","ix":1,"ks":{"a":0,"k":{"i":[[-4.096,-46.817],[18.726,-1.639],[4.096,46.817],[-18.727,1.639]],"o":[[4.096,46.817],[-18.727,1.638],[-4.096,-46.817],[18.727,-1.638]],"v":[[33.908,-2.967],[7.417,84.769],[-33.907,2.966],[-7.417,-84.77]],"c":true},"ix":2},"nm":"Path 1","mn":"ADBE Vector Shape - Group","hd":false},{"ty":"fl","c":{"a":0,"k":[0,0,0,1],"ix":4},"o":{"a":0,"k":100,"ix":5},"r":1,"bm":0,"nm":"Fill 1","mn":"ADBE Vector Graphic - Fill","hd":false},{"ty":"tr","p":{"a":0,"k":[960,539.994],"ix":2},"a":{"a":0,"k":[0,0],"ix":1},"s":{"a":0,"k":[100,100],"ix":3},"r":{"a":0,"k":0,"ix":6},"o":{"a":0,"k":100,"ix":7},"sk":{"a":0,"k":0,"ix":4},"sa":{"a":0,"k":0,"ix":5},"nm":"Transform"}],"nm":"Group 1","np":2,"cix":2,"bm":0,"ix":1,"mn":"ADBE Vector Group","hd":false},{"ty":"gr","it":[{"ind":0,"ty":"sh","ix":1,"ks":{"a":0,"k":{"i":[[-6.529,-37.025],[12.342,-2.177],[6.528,37.025],[-12.342,2.176]],"o":[[6.529,37.025],[-12.341,2.176],[-6.529,-37.026],[12.342,-2.176]],"v":[[22.347,-3.94],[11.821,67.041],[-22.346,3.941],[-11.821,-67.04]],"c":true},"ix":2},"nm":"Path 1","mn":"ADBE Vector Shape - Group","hd":false},{"ty":"fl","c":{"a":0,"k":[0,0,0,1],"ix":4},"o":{"a":0,"k":100,"ix":5},"r":1,"bm":0,"nm":"Fill 1","mn":"ADBE Vector Graphic - Fill","hd":false},{"ty":"tr","p":{"a":0,"k":[786.453,570.81],"ix":2},"a":{"a":0,"k":[0,0],"ix":1},"s":{"a":0,"k":[100,100],"ix":3},"r":{"a":0,"k":0,"ix":6},"o":{"a":0,"k":100,"ix":7},"sk":{"a":0,"k":0,"ix":4},"sa":{"a":0,"k":0,"ix":5},"nm":"Transform"}],"nm":"Group 2","np":2,"cix":2,"bm":0,"ix":2,"mn":"ADBE Vector Group","hd":false}],"ip":0,"op":325.000013237521,"st":0,"bm":0},{"ddd":0,"ind":13,"ty":4,"nm":"Right Eye Open Outlines","sr":1,"ks":{"o":{"a":0,"k":100,"ix":11},"r":{"a":0,"k":0,"ix":10},"p":{"a":0,"k":[540,540,0],"ix":2},"a":{"a":0,"k":[960,540,0],"ix":1},"s":{"a":0,"k":[100,100,100],"ix":6}},"ao":0,"shapes":[{"ty":"gr","it":[{"ind":0,"ty":"sh","ix":1,"ks":{"a":0,"k":{"i":[[-8.192,-93.634],[46.817,-4.096],[8.192,93.633],[-46.817,4.096]],"o":[[8.192,93.634],[-46.816,4.096],[-8.191,-93.634],[46.817,-4.096]],"v":[[84.769,-7.417],[14.832,169.539],[-84.77,7.417],[-14.833,-169.538]],"c":true},"ix":2},"nm":"Path 1","mn":"ADBE Vector Shape - Group","hd":false},{"ty":"fl","c":{"a":0,"k":[1,1,1,1],"ix":4},"o":{"a":0,"k":100,"ix":5},"r":1,"bm":0,"nm":"Fill 1","mn":"ADBE Vector Graphic - Fill","hd":false},{"ty":"tr","p":{"a":0,"k":[935.185,540],"ix":2},"a":{"a":0,"k":[0,0],"ix":1},"s":{"a":0,"k":[100,100],"ix":3},"r":{"a":0,"k":0,"ix":6},"o":{"a":0,"k":100,"ix":7},"sk":{"a":0,"k":0,"ix":4},"sa":{"a":0,"k":0,"ix":5},"nm":"Transform"}],"nm":"Group 1","np":2,"cix":2,"bm":0,"ix":1,"mn":"ADBE Vector Group","hd":false}],"ip":0,"op":325.000013237521,"st":0,"bm":0},{"ddd":0,"ind":14,"ty":4,"nm":"Left Eye Open Outlines","sr":1,"ks":{"o":{"a":0,"k":100,"ix":11},"r":{"a":0,"k":0,"ix":10},"p":{"a":0,"k":[540,540,0],"ix":2},"a":{"a":0,"k":[960,540,0],"ix":1},"s":{"a":0,"k":[100,100,100],"ix":6}},"ao":0,"shapes":[{"ty":"gr","it":[{"ind":0,"ty":"sh","ix":1,"ks":{"a":0,"k":{"i":[[-13.601,-77.136],[30.855,-5.44],[13.601,77.136],[-30.855,5.44]],"o":[[13.601,77.136],[-30.854,5.441],[-13.601,-77.136],[30.854,-5.441]],"v":[[55.867,-9.851],[24.627,139.667],[-55.867,9.851],[-24.627,-139.667]],"c":true},"ix":2},"nm":"Path 1","mn":"ADBE Vector Shape - Group","hd":false},{"ty":"fl","c":{"a":0,"k":[1,1,1,1],"ix":4},"o":{"a":0,"k":100,"ix":5},"r":1,"bm":0,"nm":"Fill 1","mn":"ADBE Vector Graphic - Fill","hd":false},{"ty":"tr","p":{"a":0,"k":[768.634,573.952],"ix":2},"a":{"a":0,"k":[0,0],"ix":1},"s":{"a":0,"k":[100,100],"ix":3},"r":{"a":0,"k":0,"ix":6},"o":{"a":0,"k":100,"ix":7},"sk":{"a":0,"k":0,"ix":4},"sa":{"a":0,"k":0,"ix":5},"nm":"Transform"}],"nm":"Group 1","np":2,"cix":2,"bm":0,"ix":1,"mn":"ADBE Vector Group","hd":false}],"ip":0,"op":325.000013237521,"st":0,"bm":0},{"ddd":0,"ind":15,"ty":4,"nm":"Head Outlines","sr":1,"ks":{"o":{"a":0,"k":100,"ix":11},"r":{"a":0,"k":0,"ix":10},"p":{"a":0,"k":[540,540,0],"ix":2},"a":{"a":0,"k":[960,540,0],"ix":1},"s":{"a":0,"k":[100,100,100],"ix":6}},"ao":0,"shapes":[{"ty":"gr","it":[{"ind":0,"ty":"sh","ix":1,"ks":{"a":0,"k":{"i":[[0,-156.652],[156.652,0],[0,156.652],[-156.652,0]],"o":[[0,156.652],[-156.652,0],[0,-156.652],[156.652,0]],"v":[[283.643,0],[-0.001,283.644],[-283.643,0],[-0.001,-283.644]],"c":true},"ix":2},"nm":"Path 1","mn":"ADBE Vector Shape - Group","hd":false},{"ty":"fl","c":{"a":0,"k":[0.286274509804,0.360784313725,0.909803981407,1],"ix":4},"o":{"a":0,"k":100,"ix":5},"r":1,"bm":0,"nm":"Fill 1","mn":"ADBE Vector Graphic - Fill","hd":false},{"ty":"tr","p":{"a":0,"k":[960,540],"ix":2},"a":{"a":0,"k":[0,0],"ix":1},"s":{"a":0,"k":[100,100],"ix":3},"r":{"a":0,"k":0,"ix":6},"o":{"a":0,"k":100,"ix":7},"sk":{"a":0,"k":0,"ix":4},"sa":{"a":0,"k":0,"ix":5},"nm":"Transform"}],"nm":"Group 1","np":2,"cix":2,"bm":0,"ix":1,"mn":"ADBE Vector Group","hd":false}],"ip":0,"op":325.000013237521,"st":0,"bm":0}]}],"layers":[{"ddd":0,"ind":1,"ty":4,"nm":"Artwork 53 Outlines","sr":1,"ks":{"o":{"a":0,"k":100,"ix":11},"r":{"a":0,"k":0,"ix":10},"p":{"a":0,"k":[548,888,0],"ix":2},"a":{"a":0,"k":[147,52.5,0],"ix":1},"s":{"a":0,"k":[221,221,100],"ix":6}},"ao":0,"shapes":[{"ty":"gr","it":[{"ind":0,"ty":"sh","ix":1,"ks":{"a":0,"k":{"i":[[6.828,0],[3.484,-3.894],[0.684,-7.374],[-5.532,1.984],[0,4.786]],"o":[[-5.602,0],[-3.481,3.893],[9.016,-0.271],[5.531,-1.976],[0,-6.144]],"v":[[4.713,-27.98],[-8.913,-22.144],[-15.162,-5.241],[6.66,-8.622],[14.958,-18.764]],"c":true},"ix":2},"nm":"Path 1","mn":"ADBE Vector Shape - Group","hd":false},{"ind":1,"ty":"sh","ix":2,"ks":{"a":0,"k":{"i":[[0,0],[7.649,-3.547],[9.971,0.271],[8.328,8.47],[0,15.711],[-2.53,6.761],[-4.506,4.715],[-6.219,2.597],[-7.374,0],[-6.695,-5.464],[0,-9.971],[2.868,-4.168],[5.123,-2.597],[6.894,-1.296],[8.195,-0.275],[-10.929,0],[-3.622,1.984],[-2.734,3.689]],"o":[[-4.506,7.245],[-7.653,3.552],[-14.477,-0.275],[-8.333,-8.466],[0,-8.466],[2.526,-6.762],[4.511,-4.71],[6.211,-2.592],[11.608,0],[6.69,5.465],[0,5.873],[-2.868,4.164],[-5.119,2.592],[-6.899,1.301],[2.46,10.108],[5.19,0],[3.618,-1.976],[0,0]],"v":[[45.688,31.023],[27.456,47.209],[1.023,52.128],[-33.19,39.014],[-45.688,2.749],[-41.898,-20.093],[-31.348,-37.305],[-15.262,-48.268],[5.122,-52.157],[32.578,-43.962],[42.616,-20.81],[38.314,-5.75],[26.326,4.392],[8.297,10.227],[-14.341,12.587],[5.738,27.747],[18.952,24.775],[28.48,16.272]],"c":true},"ix":2},"nm":"Path 2","mn":"ADBE Vector Shape - Group","hd":false},{"ty":"mm","mm":1,"nm":"Merge Paths 1","mn":"ADBE Vector Filter - Merge","hd":false},{"ty":"fl","c":{"a":0,"k":[0.090196078431,0.090196078431,0.160784313725,1],"ix":4},"o":{"a":0,"k":100,"ix":5},"r":1,"bm":0,"nm":"Fill 1","mn":"ADBE Vector Graphic - Fill","hd":false},{"ty":"tr","p":{"a":0,"k":[248.312,52.157],"ix":2},"a":{"a":0,"k":[0,0],"ix":1},"s":{"a":0,"k":[100,100],"ix":3},"r":{"a":0,"k":0,"ix":6},"o":{"a":0,"k":100,"ix":7},"sk":{"a":0,"k":0,"ix":4},"sa":{"a":0,"k":0,"ix":5},"nm":"Transform"}],"nm":"Group 1","np":6,"cix":2,"bm":0,"ix":1,"mn":"ADBE Vector Group","hd":false},{"ty":"gr","it":[{"ind":0,"ty":"sh","ix":1,"ks":{"a":0,"k":{"i":[[6.828,0],[3.484,-3.894],[0.684,-7.374],[-5.532,1.984],[0,4.786]],"o":[[-5.602,0],[-3.481,3.893],[9.016,-0.271],[5.531,-1.976],[0,-6.144]],"v":[[4.713,-27.98],[-8.913,-22.144],[-15.162,-5.241],[6.66,-8.622],[14.958,-18.764]],"c":true},"ix":2},"nm":"Path 1","mn":"ADBE Vector Shape - Group","hd":false},{"ind":1,"ty":"sh","ix":2,"ks":{"a":0,"k":{"i":[[0,0],[7.649,-3.547],[9.971,0.271],[8.328,8.47],[0,15.711],[-2.53,6.761],[-4.506,4.715],[-6.219,2.597],[-7.373,0],[-6.695,-5.464],[0,-9.971],[2.868,-4.168],[5.123,-2.597],[6.894,-1.296],[8.195,-0.275],[-10.929,0],[-3.622,1.984],[-2.734,3.689]],"o":[[-4.506,7.245],[-7.653,3.552],[-14.477,-0.275],[-8.333,-8.466],[0,-8.466],[2.526,-6.762],[4.511,-4.71],[6.211,-2.592],[11.609,0],[6.69,5.465],[0,5.873],[-2.868,4.164],[-5.119,2.592],[-6.899,1.301],[2.46,10.108],[5.19,0],[3.618,-1.976],[0,0]],"v":[[45.688,31.023],[27.456,47.209],[1.023,52.128],[-33.19,39.014],[-45.688,2.749],[-41.898,-20.093],[-31.348,-37.305],[-15.262,-48.268],[5.12,-52.157],[32.579,-43.962],[42.616,-20.81],[38.314,-5.75],[26.326,4.392],[8.298,10.227],[-14.341,12.587],[5.738,27.747],[18.952,24.775],[28.48,16.272]],"c":true},"ix":2},"nm":"Path 2","mn":"ADBE Vector Shape - Group","hd":false},{"ty":"mm","mm":1,"nm":"Merge Paths 1","mn":"ADBE Vector Filter - Merge","hd":false},{"ty":"fl","c":{"a":0,"k":[0.090196078431,0.090196078431,0.160784313725,1],"ix":4},"o":{"a":0,"k":100,"ix":5},"r":1,"bm":0,"nm":"Fill 1","mn":"ADBE Vector Graphic - Fill","hd":false},{"ty":"tr","p":{"a":0,"k":[146.696,52.157],"ix":2},"a":{"a":0,"k":[0,0],"ix":1},"s":{"a":0,"k":[100,100],"ix":3},"r":{"a":0,"k":0,"ix":6},"o":{"a":0,"k":100,"ix":7},"sk":{"a":0,"k":0,"ix":4},"sa":{"a":0,"k":0,"ix":5},"nm":"Transform"}],"nm":"Group 2","np":6,"cix":2,"bm":0,"ix":2,"mn":"ADBE Vector Group","hd":false},{"ty":"gr","it":[{"ind":0,"ty":"sh","ix":1,"ks":{"a":0,"k":{"i":[[9.971,0],[8.741,9.087],[0,16.532],[-8.741,9.154],[-15.161,0],[-7.17,-5.465],[0,-11.063],[0.271,-2.255],[0.683,-1.5],[0,0],[0,3.005],[9.287,0],[0,-17.62],[-3.76,-4.715],[-6.966,0],[-3.072,2.255],[-2.326,3.276],[0,0],[6.966,-3.96]],"o":[[-15.298,0],[-8.741,-9.079],[0,-16.524],[8.741,-9.15],[12.155,0],[7.169,5.464],[0,2.188],[-0.275,2.251],[0,0],[0.683,-2.047],[0,-8.608],[-12.296,0],[0,9.149],[3.752,4.71],[5.735,0],[3.077,-2.251],[0,0],[-3.556,6.149],[-6.965,3.96]],"v":[[3.993,52.142],[-32.068,38.516],[-45.177,0.1],[-32.068,-38.416],[3.789,-52.143],[32.78,-43.947],[43.534,-19.158],[43.126,-12.497],[41.692,-6.866],[16.286,-6.661],[17.311,-14.239],[3.38,-27.149],[-15.061,-0.717],[-9.425,20.079],[6.657,27.144],[19.87,23.764],[27.965,15.469],[45.177,31.037],[29.399,46.202]],"c":true},"ix":2},"nm":"Path 1","mn":"ADBE Vector Shape - Group","hd":false},{"ty":"fl","c":{"a":0,"k":[0.090196078431,0.090196078431,0.160784313725,1],"ix":4},"o":{"a":0,"k":100,"ix":5},"r":1,"bm":0,"nm":"Fill 1","mn":"ADBE Vector Graphic - Fill","hd":false},{"ty":"tr","p":{"a":0,"k":[45.177,52.142],"ix":2},"a":{"a":0,"k":[0,0],"ix":1},"s":{"a":0,"k":[100,100],"ix":3},"r":{"a":0,"k":0,"ix":6},"o":{"a":0,"k":100,"ix":7},"sk":{"a":0,"k":0,"ix":4},"sa":{"a":0,"k":0,"ix":5},"nm":"Transform"}],"nm":"Group 3","np":4,"cix":2,"bm":0,"ix":3,"mn":"ADBE Vector Group","hd":false}],"ip":0,"op":2549.0001038229,"st":0,"bm":0},{"ddd":0,"ind":2,"ty":0,"nm":"Pre-comp 2","refId":"comp_0","sr":1,"ks":{"o":{"a":0,"k":100,"ix":11},"r":{"a":0,"k":0,"ix":10},"p":{"a":0,"k":[536,392,0],"ix":2},"a":{"a":0,"k":[540,540,0],"ix":1},"s":{"a":0,"k":[112,112,100],"ix":6}},"ao":0,"w":1080,"h":1080,"ip":0,"op":325.000013237521,"st":0,"bm":0}],"markers":[]}