{"v":"4.8.0","meta":{"g":"LottieFiles AE 3.1.1","a":"","k":"","d":"","tc":""},"fr":29.9700012207031,"ip":0,"op":672.000027371121,"w":1080,"h":1080,"nm":"cee ahmed","ddd":0,"assets":[{"id":"comp_0","layers":[{"ddd":0,"ind":1,"ty":4,"nm":"Head Outlines 2","td":1,"sr":1,"ks":{"o":{"a":0,"k":100,"ix":11},"r":{"a":0,"k":0,"ix":10},"p":{"a":0,"k":[540,540,0],"ix":2},"a":{"a":0,"k":[283.893,283.894,0],"ix":1},"s":{"a":0,"k":[100,100,100],"ix":6}},"ao":0,"shapes":[{"ty":"gr","it":[{"ind":0,"ty":"sh","ix":1,"ks":{"a":0,"k":{"i":[[0,-156.652],[156.652,0],[0,156.652],[-156.652,0]],"o":[[0,156.652],[-156.652,0],[0,-156.652],[156.652,0]],"v":[[283.643,0],[-0.001,283.644],[-283.644,0],[-0.001,-283.644]],"c":true},"ix":2},"nm":"Path 1","mn":"ADBE Vector Shape - Group","hd":false},{"ty":"fl","c":{"a":0,"k":[0.286274509804,0.360784313725,0.909803981407,1],"ix":4},"o":{"a":0,"k":100,"ix":5},"r":1,"bm":0,"nm":"Fill 1","mn":"ADBE Vector Graphic - Fill","hd":false},{"ty":"tr","p":{"a":0,"k":[283.893,283.894],"ix":2},"a":{"a":0,"k":[0,0],"ix":1},"s":{"a":0,"k":[100,100],"ix":3},"r":{"a":0,"k":0,"ix":6},"o":{"a":0,"k":100,"ix":7},"sk":{"a":0,"k":0,"ix":4},"sa":{"a":0,"k":0,"ix":5},"nm":"Transform"}],"nm":"Group 1","np":2,"cix":2,"bm":0,"ix":1,"mn":"ADBE Vector Group","hd":false}],"ip":0,"op":1507.82406141493,"st":0,"bm":0},{"ddd":0,"ind":2,"ty":4,"nm":"Left Eyelid Outlines 2","tt":1,"sr":1,"ks":{"o":{"a":0,"k":100,"ix":11},"r":{"a":0,"k":180,"ix":10},"p":{"a":1,"k":[{"i":{"x":0.001,"y":1},"o":{"x":0.333,"y":0},"t":3.663,"s":[359.707,848.144,0],"to":[0,-12.583,0],"ti":[0,13.25,0]},{"i":{"x":0.667,"y":1},"o":{"x":0.333,"y":0},"t":11.573,"s":[359.707,772.644,0],"to":[0,-13.25,0],"ti":[0,-12.583,0]},{"i":{"x":0.013,"y":1},"o":{"x":0.333,"y":0},"t":16.849,"s":[359.707,768.644,0],"to":[0,12.583,0],"ti":[0,-13.25,0]},{"i":{"x":0.667,"y":0.667},"o":{"x":0.333,"y":0.333},"t":24.76,"s":[359.707,848.144,0],"to":[0,0,0],"ti":[0,0,0]},{"i":{"x":0.001,"y":1},"o":{"x":0.333,"y":0},"t":54.414,"s":[359.707,848.144,0],"to":[0,-13.25,0],"ti":[0,13.25,0]},{"i":{"x":0.667,"y":0.667},"o":{"x":0.333,"y":0.333},"t":62.324,"s":[359.707,768.644,0],"to":[0,0,0],"ti":[0,0,0]},{"i":{"x":0.013,"y":1},"o":{"x":0.333,"y":0},"t":67.599,"s":[359.707,768.644,0],"to":[0,13.25,0],"ti":[0,-13.25,0]},{"i":{"x":0.833,"y":0.833},"o":{"x":0.167,"y":0.167},"t":75.51,"s":[359.707,848.144,0],"to":[0,0,0],"ti":[0,0,0]},{"i":{"x":0.001,"y":1},"o":{"x":0.333,"y":0},"t":110.538,"s":[359.707,848.144,0],"to":[0,-12.583,0],"ti":[0,13.25,0]},{"i":{"x":0.667,"y":1},"o":{"x":0.333,"y":0},"t":118.449,"s":[359.707,772.644,0],"to":[0,-13.25,0],"ti":[0,-12.583,0]},{"i":{"x":0.013,"y":1},"o":{"x":0.333,"y":0},"t":123.723,"s":[359.707,768.644,0],"to":[0,12.583,0],"ti":[0,-13.25,0]},{"i":{"x":0.667,"y":0.667},"o":{"x":0.167,"y":0.167},"t":131.635,"s":[359.707,848.144,0],"to":[0,0,0],"ti":[0,0,0]},{"i":{"x":0.001,"y":1},"o":{"x":0.333,"y":0},"t":168.155,"s":[359.707,848.144,0],"to":[0,-13.25,0],"ti":[0,13.25,0]},{"i":{"x":0.667,"y":0.667},"o":{"x":0.333,"y":0.333},"t":176.066,"s":[359.707,768.644,0],"to":[0,0,0],"ti":[0,0,0]},{"i":{"x":0.013,"y":1},"o":{"x":0.333,"y":0},"t":181.339,"s":[359.707,768.644,0],"to":[0,13.25,0],"ti":[0,-13.25,0]},{"i":{"x":0.833,"y":0.833},"o":{"x":0.167,"y":0.167},"t":189.253,"s":[359.707,848.144,0],"to":[0,0,0],"ti":[0,0,0]},{"i":{"x":0.001,"y":1},"o":{"x":0.333,"y":0},"t":224.875,"s":[359.707,848.144,0],"to":[0,-12.583,0],"ti":[0,13.25,0]},{"i":{"x":0.667,"y":1},"o":{"x":0.333,"y":0},"t":232.788,"s":[359.707,772.644,0],"to":[0,-13.25,0],"ti":[0,-12.583,0]},{"i":{"x":0.013,"y":1},"o":{"x":0.333,"y":0},"t":238.061,"s":[359.707,768.644,0],"to":[0,12.583,0],"ti":[0,-13.25,0]},{"i":{"x":0.667,"y":0.667},"o":{"x":0.333,"y":0.333},"t":245.973,"s":[359.707,848.144,0],"to":[0,0,0],"ti":[0,0,0]},{"i":{"x":0.001,"y":1},"o":{"x":0.333,"y":0},"t":280.403,"s":[359.707,848.144,0],"to":[0,-13.25,0],"ti":[0,13.25,0]},{"i":{"x":0.667,"y":0.667},"o":{"x":0.333,"y":0.333},"t":288.314,"s":[359.707,768.644,0],"to":[0,0,0],"ti":[0,0,0]},{"i":{"x":0.013,"y":1},"o":{"x":0.333,"y":0},"t":293.589,"s":[359.707,768.644,0],"to":[0,13.25,0],"ti":[0,-13.25,0]},{"i":{"x":0.833,"y":0.833},"o":{"x":0.167,"y":0.167},"t":301.499,"s":[359.707,848.144,0],"to":[0,0,0],"ti":[0,0,0]},{"i":{"x":0.001,"y":1},"o":{"x":0.333,"y":0},"t":349.663,"s":[359.707,848.144,0],"to":[0,-12.583,0],"ti":[0,13.25,0]},{"i":{"x":0.667,"y":1},"o":{"x":0.333,"y":0},"t":357.573,"s":[359.707,772.644,0],"to":[0,-13.25,0],"ti":[0,-12.583,0]},{"i":{"x":0.013,"y":1},"o":{"x":0.333,"y":0},"t":362.849,"s":[359.707,768.644,0],"to":[0,12.583,0],"ti":[0,-13.25,0]},{"i":{"x":0.667,"y":0.667},"o":{"x":0.167,"y":0.167},"t":370.759,"s":[359.707,848.144,0],"to":[0,0,0],"ti":[0,0,0]},{"i":{"x":0.001,"y":1},"o":{"x":0.333,"y":0},"t":407.28,"s":[359.707,848.144,0],"to":[0,-13.25,0],"ti":[0,13.25,0]},{"i":{"x":0.667,"y":0.667},"o":{"x":0.333,"y":0.333},"t":415.191,"s":[359.707,768.644,0],"to":[0,0,0],"ti":[0,0,0]},{"i":{"x":0.013,"y":1},"o":{"x":0.333,"y":0},"t":420.466,"s":[359.707,768.644,0],"to":[0,13.25,0],"ti":[0,-13.25,0]},{"i":{"x":0.833,"y":0.833},"o":{"x":0.167,"y":0.167},"t":428.376,"s":[359.707,848.144,0],"to":[0,0,0],"ti":[0,0,0]},{"i":{"x":0.001,"y":1},"o":{"x":0.333,"y":0},"t":458.726,"s":[359.707,848.144,0],"to":[0,-12.583,0],"ti":[0,13.25,0]},{"i":{"x":0.667,"y":1},"o":{"x":0.333,"y":0},"t":466.638,"s":[359.707,772.644,0],"to":[0,-13.25,0],"ti":[0,-12.583,0]},{"i":{"x":0.013,"y":1},"o":{"x":0.333,"y":0},"t":471.911,"s":[359.707,768.644,0],"to":[0,12.583,0],"ti":[0,-13.25,0]},{"i":{"x":0.667,"y":0.667},"o":{"x":0.333,"y":0.333},"t":479.823,"s":[359.707,848.144,0],"to":[0,0,0],"ti":[0,0,0]},{"i":{"x":0.001,"y":1},"o":{"x":0.333,"y":0},"t":510.074,"s":[359.707,848.144,0],"to":[0,-13.25,0],"ti":[0,13.25,0]},{"i":{"x":0.667,"y":0.667},"o":{"x":0.333,"y":0.333},"t":517.984,"s":[359.707,768.644,0],"to":[0,0,0],"ti":[0,0,0]},{"i":{"x":0.013,"y":1},"o":{"x":0.333,"y":0},"t":523.26,"s":[359.707,768.644,0],"to":[0,13.25,0],"ti":[0,-13.25,0]},{"i":{"x":0.833,"y":0.833},"o":{"x":0.167,"y":0.167},"t":531.17,"s":[359.707,848.144,0],"to":[0,0,0],"ti":[0,0,0]},{"i":{"x":0.001,"y":1},"o":{"x":0.333,"y":0},"t":579.334,"s":[359.707,848.144,0],"to":[0,-12.583,0],"ti":[0,13.25,0]},{"i":{"x":0.667,"y":1},"o":{"x":0.333,"y":0},"t":587.244,"s":[359.707,772.644,0],"to":[0,-13.25,0],"ti":[0,-12.583,0]},{"i":{"x":0.013,"y":1},"o":{"x":0.333,"y":0},"t":592.519,"s":[359.707,768.644,0],"to":[0,12.583,0],"ti":[0,-13.25,0]},{"i":{"x":0.667,"y":0.667},"o":{"x":0.167,"y":0.167},"t":600.43,"s":[359.707,848.144,0],"to":[0,0,0],"ti":[0,0,0]},{"i":{"x":0.001,"y":1},"o":{"x":0.333,"y":0},"t":636.951,"s":[359.707,848.144,0],"to":[0,-13.25,0],"ti":[0,13.25,0]},{"i":{"x":0.667,"y":0.667},"o":{"x":0.333,"y":0.333},"t":644.861,"s":[359.707,768.644,0],"to":[0,0,0],"ti":[0,0,0]},{"i":{"x":0.013,"y":1},"o":{"x":0.333,"y":0},"t":650.136,"s":[359.707,768.644,0],"to":[0,13.25,0],"ti":[0,-13.25,0]},{"i":{"x":0.833,"y":0.833},"o":{"x":0.167,"y":0.167},"t":658.048,"s":[359.707,848.144,0],"to":[0,0,0],"ti":[0,0,0]},{"i":{"x":0.001,"y":1},"o":{"x":0.333,"y":0},"t":693.671,"s":[359.707,848.144,0],"to":[0,-12.583,0],"ti":[0,13.25,0]},{"i":{"x":0.667,"y":1},"o":{"x":0.333,"y":0},"t":701.583,"s":[359.707,772.644,0],"to":[0,-13.25,0],"ti":[0,-12.583,0]},{"i":{"x":0.013,"y":1},"o":{"x":0.333,"y":0},"t":706.858,"s":[359.707,768.644,0],"to":[0,12.583,0],"ti":[0,-13.25,0]},{"i":{"x":0.667,"y":0.667},"o":{"x":0.333,"y":0.333},"t":714.768,"s":[359.707,848.144,0],"to":[0,0,0],"ti":[0,0,0]},{"i":{"x":0.001,"y":1},"o":{"x":0.333,"y":0},"t":767.111,"s":[359.707,848.144,0],"to":[0,-13.25,0],"ti":[0,13.25,0]},{"i":{"x":0.667,"y":0.667},"o":{"x":0.333,"y":0.333},"t":775.023,"s":[359.707,768.644,0],"to":[0,0,0],"ti":[0,0,0]},{"i":{"x":0.013,"y":1},"o":{"x":0.333,"y":0},"t":780.298,"s":[359.707,768.644,0],"to":[0,13.25,0],"ti":[0,-13.25,0]},{"i":{"x":0.833,"y":0.833},"o":{"x":0.167,"y":0.167},"t":788.208,"s":[359.707,848.144,0],"to":[0,0,0],"ti":[0,0,0]},{"i":{"x":0.001,"y":1},"o":{"x":0.333,"y":0},"t":836.371,"s":[359.707,848.144,0],"to":[0,-12.583,0],"ti":[0,13.25,0]},{"i":{"x":0.667,"y":1},"o":{"x":0.333,"y":0},"t":844.281,"s":[359.707,772.644,0],"to":[0,-13.25,0],"ti":[0,-12.583,0]},{"i":{"x":0.013,"y":1},"o":{"x":0.333,"y":0},"t":849.556,"s":[359.707,768.644,0],"to":[0,12.583,0],"ti":[0,-13.25,0]},{"i":{"x":0.667,"y":0.667},"o":{"x":0.167,"y":0.167},"t":857.468,"s":[359.707,848.144,0],"to":[0,0,0],"ti":[0,0,0]},{"i":{"x":0.001,"y":1},"o":{"x":0.333,"y":0},"t":893.986,"s":[359.707,848.144,0],"to":[0,-13.25,0],"ti":[0,13.25,0]},{"i":{"x":0.667,"y":0.667},"o":{"x":0.333,"y":0.333},"t":901.898,"s":[359.707,768.644,0],"to":[0,0,0],"ti":[0,0,0]},{"i":{"x":0.013,"y":1},"o":{"x":0.333,"y":0},"t":907.174,"s":[359.707,768.644,0],"to":[0,13.25,0],"ti":[0,-13.25,0]},{"t":915.083787272125,"s":[359.707,848.144,0]}],"ix":2},"a":{"a":0,"k":[70.624,140.152,0],"ix":1},"s":{"a":0,"k":[100,100,100],"ix":6}},"ao":0,"shapes":[{"ty":"gr","it":[{"ind":0,"ty":"sh","ix":1,"ks":{"a":0,"k":{"i":[[0,0],[0,0],[0,0],[0,0]],"o":[[0,0],[0,0],[0,0],[0,0]],"v":[[-57.608,139.902],[70.374,114.874],[52.339,-139.903],[-70.374,-67.416]],"c":true},"ix":2},"nm":"Path 1","mn":"ADBE Vector Shape - Group","hd":false},{"ty":"fl","c":{"a":0,"k":[0.286274509804,0.360784313725,0.909803981407,1],"ix":4},"o":{"a":0,"k":100,"ix":5},"r":1,"bm":0,"nm":"Fill 1","mn":"ADBE Vector Graphic - Fill","hd":false},{"ty":"tr","p":{"a":0,"k":[70.624,140.152],"ix":2},"a":{"a":0,"k":[0,0],"ix":1},"s":{"a":0,"k":[100,100],"ix":3},"r":{"a":0,"k":0,"ix":6},"o":{"a":0,"k":100,"ix":7},"sk":{"a":0,"k":0,"ix":4},"sa":{"a":0,"k":0,"ix":5},"nm":"Transform"}],"nm":"Group 1","np":2,"cix":2,"bm":0,"ix":1,"mn":"ADBE Vector Group","hd":false}],"ip":0,"op":1507.82406141493,"st":0,"bm":0},{"ddd":0,"ind":3,"ty":4,"nm":"Head Outlines 3","td":1,"sr":1,"ks":{"o":{"a":0,"k":100,"ix":11},"r":{"a":0,"k":0,"ix":10},"p":{"a":0,"k":[540,540,0],"ix":2},"a":{"a":0,"k":[283.893,283.894,0],"ix":1},"s":{"a":0,"k":[100,100,100],"ix":6}},"ao":0,"shapes":[{"ty":"gr","it":[{"ind":0,"ty":"sh","ix":1,"ks":{"a":0,"k":{"i":[[0,-156.652],[156.652,0],[0,156.652],[-156.652,0]],"o":[[0,156.652],[-156.652,0],[0,-156.652],[156.652,0]],"v":[[283.643,0],[-0.001,283.644],[-283.644,0],[-0.001,-283.644]],"c":true},"ix":2},"nm":"Path 1","mn":"ADBE Vector Shape - Group","hd":false},{"ty":"fl","c":{"a":0,"k":[0.286274509804,0.360784313725,0.909803981407,1],"ix":4},"o":{"a":0,"k":100,"ix":5},"r":1,"bm":0,"nm":"Fill 1","mn":"ADBE Vector Graphic - Fill","hd":false},{"ty":"tr","p":{"a":0,"k":[283.893,283.894],"ix":2},"a":{"a":0,"k":[0,0],"ix":1},"s":{"a":0,"k":[100,100],"ix":3},"r":{"a":0,"k":0,"ix":6},"o":{"a":0,"k":100,"ix":7},"sk":{"a":0,"k":0,"ix":4},"sa":{"a":0,"k":0,"ix":5},"nm":"Transform"}],"nm":"Group 1","np":2,"cix":2,"bm":0,"ix":1,"mn":"ADBE Vector Group","hd":false}],"ip":0,"op":1507.82406141493,"st":0,"bm":0},{"ddd":0,"ind":4,"ty":4,"nm":"Right Eyelid Outlines 2","tt":1,"sr":1,"ks":{"o":{"a":0,"k":100,"ix":11},"r":{"a":0,"k":180,"ix":10},"p":{"a":1,"k":[{"i":{"x":0.001,"y":1},"o":{"x":0.333,"y":0},"t":3.663,"s":[540,848.158,0],"to":[-2.291,-15,0],"ti":[2.291,15,0]},{"i":{"x":0.667,"y":0.667},"o":{"x":0.333,"y":0.333},"t":11.573,"s":[526.252,758.158,0],"to":[0,0,0],"ti":[0,0,0]},{"i":{"x":0.013,"y":1},"o":{"x":0.333,"y":0},"t":16.849,"s":[526.252,758.158,0],"to":[2.291,15,0],"ti":[-2.291,-15,0]},{"i":{"x":0.667,"y":0.667},"o":{"x":0.333,"y":0.333},"t":24.76,"s":[540,848.158,0],"to":[0,0,0],"ti":[0,0,0]},{"i":{"x":0.001,"y":1},"o":{"x":0.333,"y":0},"t":54.414,"s":[540,848.158,0],"to":[-2.291,-15,0],"ti":[2.291,15,0]},{"i":{"x":0.667,"y":0.667},"o":{"x":0.333,"y":0.333},"t":62.324,"s":[526.252,758.158,0],"to":[0,0,0],"ti":[0,0,0]},{"i":{"x":0.013,"y":1},"o":{"x":0.333,"y":0},"t":67.599,"s":[526.252,758.158,0],"to":[2.291,15,0],"ti":[-2.291,-15,0]},{"i":{"x":0.833,"y":0.833},"o":{"x":0.167,"y":0.167},"t":75.51,"s":[540,848.158,0],"to":[0,0,0],"ti":[0,0,0]},{"i":{"x":0.001,"y":1},"o":{"x":0.333,"y":0},"t":110.538,"s":[540,848.158,0],"to":[-2.291,-15,0],"ti":[2.291,15,0]},{"i":{"x":0.667,"y":0.667},"o":{"x":0.333,"y":0.333},"t":118.449,"s":[526.252,758.158,0],"to":[0,0,0],"ti":[0,0,0]},{"i":{"x":0.013,"y":1},"o":{"x":0.333,"y":0},"t":123.723,"s":[526.252,758.158,0],"to":[2.291,15,0],"ti":[-2.291,-15,0]},{"i":{"x":0.667,"y":0.667},"o":{"x":0.167,"y":0.167},"t":131.635,"s":[540,848.158,0],"to":[0,0,0],"ti":[0,0,0]},{"i":{"x":0.001,"y":1},"o":{"x":0.333,"y":0},"t":168.155,"s":[540,848.158,0],"to":[-2.291,-15,0],"ti":[2.291,15,0]},{"i":{"x":0.667,"y":0.667},"o":{"x":0.333,"y":0.333},"t":176.066,"s":[526.252,758.158,0],"to":[0,0,0],"ti":[0,0,0]},{"i":{"x":0.013,"y":1},"o":{"x":0.333,"y":0},"t":181.339,"s":[526.252,758.158,0],"to":[2.291,15,0],"ti":[-2.291,-15,0]},{"i":{"x":0.833,"y":0.833},"o":{"x":0.167,"y":0.167},"t":189.253,"s":[540,848.158,0],"to":[0,0,0],"ti":[0,0,0]},{"i":{"x":0.001,"y":1},"o":{"x":0.333,"y":0},"t":224.875,"s":[540,848.158,0],"to":[-2.291,-15,0],"ti":[2.291,15,0]},{"i":{"x":0.667,"y":0.667},"o":{"x":0.333,"y":0.333},"t":232.788,"s":[526.252,758.158,0],"to":[0,0,0],"ti":[0,0,0]},{"i":{"x":0.013,"y":1},"o":{"x":0.333,"y":0},"t":238.061,"s":[526.252,758.158,0],"to":[2.291,15,0],"ti":[-2.291,-15,0]},{"i":{"x":0.667,"y":0.667},"o":{"x":0.333,"y":0.333},"t":245.973,"s":[540,848.158,0],"to":[0,0,0],"ti":[0,0,0]},{"i":{"x":0.001,"y":1},"o":{"x":0.333,"y":0},"t":280.403,"s":[540,848.158,0],"to":[-2.291,-15,0],"ti":[2.291,15,0]},{"i":{"x":0.667,"y":0.667},"o":{"x":0.333,"y":0.333},"t":288.314,"s":[526.252,758.158,0],"to":[0,0,0],"ti":[0,0,0]},{"i":{"x":0.013,"y":1},"o":{"x":0.333,"y":0},"t":293.589,"s":[526.252,758.158,0],"to":[2.291,15,0],"ti":[-2.291,-15,0]},{"i":{"x":0.833,"y":0.833},"o":{"x":0.167,"y":0.167},"t":301.499,"s":[540,848.158,0],"to":[0,0,0],"ti":[0,0,0]},{"i":{"x":0.001,"y":1},"o":{"x":0.333,"y":0},"t":349.663,"s":[540,848.158,0],"to":[-2.291,-15,0],"ti":[2.291,15,0]},{"i":{"x":0.667,"y":0.667},"o":{"x":0.333,"y":0.333},"t":357.573,"s":[526.252,758.158,0],"to":[0,0,0],"ti":[0,0,0]},{"i":{"x":0.013,"y":1},"o":{"x":0.333,"y":0},"t":362.849,"s":[526.252,758.158,0],"to":[2.291,15,0],"ti":[-2.291,-15,0]},{"i":{"x":0.667,"y":0.667},"o":{"x":0.167,"y":0.167},"t":370.759,"s":[540,848.158,0],"to":[0,0,0],"ti":[0,0,0]},{"i":{"x":0.001,"y":1},"o":{"x":0.333,"y":0},"t":407.28,"s":[540,848.158,0],"to":[-2.291,-15,0],"ti":[2.291,15,0]},{"i":{"x":0.667,"y":0.667},"o":{"x":0.333,"y":0.333},"t":415.191,"s":[526.252,758.158,0],"to":[0,0,0],"ti":[0,0,0]},{"i":{"x":0.013,"y":1},"o":{"x":0.333,"y":0},"t":420.466,"s":[526.252,758.158,0],"to":[2.291,15,0],"ti":[-2.291,-15,0]},{"i":{"x":0.833,"y":0.833},"o":{"x":0.167,"y":0.167},"t":428.376,"s":[540,848.158,0],"to":[0,0,0],"ti":[0,0,0]},{"i":{"x":0.001,"y":1},"o":{"x":0.333,"y":0},"t":458.726,"s":[540,848.158,0],"to":[-2.291,-15,0],"ti":[2.291,15,0]},{"i":{"x":0.667,"y":0.667},"o":{"x":0.333,"y":0.333},"t":466.638,"s":[526.252,758.158,0],"to":[0,0,0],"ti":[0,0,0]},{"i":{"x":0.013,"y":1},"o":{"x":0.333,"y":0},"t":471.911,"s":[526.252,758.158,0],"to":[2.291,15,0],"ti":[-2.291,-15,0]},{"i":{"x":0.667,"y":0.667},"o":{"x":0.333,"y":0.333},"t":479.823,"s":[540,848.158,0],"to":[0,0,0],"ti":[0,0,0]},{"i":{"x":0.001,"y":1},"o":{"x":0.333,"y":0},"t":510.074,"s":[540,848.158,0],"to":[-2.291,-15,0],"ti":[2.291,15,0]},{"i":{"x":0.667,"y":0.667},"o":{"x":0.333,"y":0.333},"t":517.984,"s":[526.252,758.158,0],"to":[0,0,0],"ti":[0,0,0]},{"i":{"x":0.013,"y":1},"o":{"x":0.333,"y":0},"t":523.26,"s":[526.252,758.158,0],"to":[2.291,15,0],"ti":[-2.291,-15,0]},{"i":{"x":0.833,"y":0.833},"o":{"x":0.167,"y":0.167},"t":531.17,"s":[540,848.158,0],"to":[0,0,0],"ti":[0,0,0]},{"i":{"x":0.001,"y":1},"o":{"x":0.333,"y":0},"t":579.334,"s":[540,848.158,0],"to":[-2.291,-15,0],"ti":[2.291,15,0]},{"i":{"x":0.667,"y":0.667},"o":{"x":0.333,"y":0.333},"t":587.244,"s":[526.252,758.158,0],"to":[0,0,0],"ti":[0,0,0]},{"i":{"x":0.013,"y":1},"o":{"x":0.333,"y":0},"t":592.519,"s":[526.252,758.158,0],"to":[2.291,15,0],"ti":[-2.291,-15,0]},{"i":{"x":0.667,"y":0.667},"o":{"x":0.167,"y":0.167},"t":600.43,"s":[540,848.158,0],"to":[0,0,0],"ti":[0,0,0]},{"i":{"x":0.001,"y":1},"o":{"x":0.333,"y":0},"t":636.951,"s":[540,848.158,0],"to":[-2.291,-15,0],"ti":[2.291,15,0]},{"i":{"x":0.667,"y":0.667},"o":{"x":0.333,"y":0.333},"t":644.861,"s":[526.252,758.158,0],"to":[0,0,0],"ti":[0,0,0]},{"i":{"x":0.013,"y":1},"o":{"x":0.333,"y":0},"t":650.136,"s":[526.252,758.158,0],"to":[2.291,15,0],"ti":[-2.291,-15,0]},{"i":{"x":0.833,"y":0.833},"o":{"x":0.167,"y":0.167},"t":658.048,"s":[540,848.158,0],"to":[0,0,0],"ti":[0,0,0]},{"i":{"x":0.001,"y":1},"o":{"x":0.333,"y":0},"t":693.671,"s":[540,848.158,0],"to":[-2.291,-15,0],"ti":[2.291,15,0]},{"i":{"x":0.667,"y":0.667},"o":{"x":0.333,"y":0.333},"t":701.583,"s":[526.252,758.158,0],"to":[0,0,0],"ti":[0,0,0]},{"i":{"x":0.013,"y":1},"o":{"x":0.333,"y":0},"t":706.858,"s":[526.252,758.158,0],"to":[2.291,15,0],"ti":[-2.291,-15,0]},{"i":{"x":0.667,"y":0.667},"o":{"x":0.333,"y":0.333},"t":714.768,"s":[540,848.158,0],"to":[0,0,0],"ti":[0,0,0]},{"i":{"x":0.001,"y":1},"o":{"x":0.333,"y":0},"t":767.111,"s":[540,848.158,0],"to":[-2.291,-15,0],"ti":[2.291,15,0]},{"i":{"x":0.667,"y":0.667},"o":{"x":0.333,"y":0.333},"t":775.023,"s":[526.252,758.158,0],"to":[0,0,0],"ti":[0,0,0]},{"i":{"x":0.013,"y":1},"o":{"x":0.333,"y":0},"t":780.298,"s":[526.252,758.158,0],"to":[2.291,15,0],"ti":[-2.291,-15,0]},{"i":{"x":0.833,"y":0.833},"o":{"x":0.167,"y":0.167},"t":788.208,"s":[540,848.158,0],"to":[0,0,0],"ti":[0,0,0]},{"i":{"x":0.001,"y":1},"o":{"x":0.333,"y":0},"t":836.371,"s":[540,848.158,0],"to":[-2.291,-15,0],"ti":[2.291,15,0]},{"i":{"x":0.667,"y":0.667},"o":{"x":0.333,"y":0.333},"t":844.281,"s":[526.252,758.158,0],"to":[0,0,0],"ti":[0,0,0]},{"i":{"x":0.013,"y":1},"o":{"x":0.333,"y":0},"t":849.556,"s":[526.252,758.158,0],"to":[2.291,15,0],"ti":[-2.291,-15,0]},{"i":{"x":0.667,"y":0.667},"o":{"x":0.167,"y":0.167},"t":857.468,"s":[540,848.158,0],"to":[0,0,0],"ti":[0,0,0]},{"i":{"x":0.001,"y":1},"o":{"x":0.333,"y":0},"t":893.986,"s":[540,848.158,0],"to":[-2.291,-15,0],"ti":[2.291,15,0]},{"i":{"x":0.667,"y":0.667},"o":{"x":0.333,"y":0.333},"t":901.898,"s":[526.252,758.158,0],"to":[0,0,0],"ti":[0,0,0]},{"i":{"x":0.013,"y":1},"o":{"x":0.333,"y":0},"t":907.174,"s":[526.252,758.158,0],"to":[2.291,15,0],"ti":[-2.291,-15,0]},{"t":915.083787272125,"s":[540,848.158,0]}],"ix":2},"a":{"a":0,"k":[98.411,143.93,0],"ix":1},"s":{"a":0,"k":[100,100,100],"ix":6}},"ao":0,"shapes":[{"ty":"gr","it":[{"ind":0,"ty":"sh","ix":1,"ks":{"a":0,"k":{"i":[[0,0],[0,0],[0,0],[0,0]],"o":[[0,0],[0,0],[0,0],[0,0]],"v":[[-79.068,143.68],[98.161,128.175],[98.161,-143.68],[-98.161,-143.68]],"c":true},"ix":2},"nm":"Path 1","mn":"ADBE Vector Shape - Group","hd":false},{"ty":"fl","c":{"a":0,"k":[0.286274509804,0.360784313725,0.909803981407,1],"ix":4},"o":{"a":0,"k":100,"ix":5},"r":1,"bm":0,"nm":"Fill 1","mn":"ADBE Vector Graphic - Fill","hd":false},{"ty":"tr","p":{"a":0,"k":[98.411,143.93],"ix":2},"a":{"a":0,"k":[0,0],"ix":1},"s":{"a":0,"k":[100,100],"ix":3},"r":{"a":0,"k":0,"ix":6},"o":{"a":0,"k":100,"ix":7},"sk":{"a":0,"k":0,"ix":4},"sa":{"a":0,"k":0,"ix":5},"nm":"Transform"}],"nm":"Group 1","np":2,"cix":2,"bm":0,"ix":1,"mn":"ADBE Vector Group","hd":false}],"ip":0,"op":1507.82406141493,"st":0,"bm":0},{"ddd":0,"ind":5,"ty":4,"nm":"Head Outlines 4","td":1,"sr":1,"ks":{"o":{"a":0,"k":100,"ix":11},"r":{"a":0,"k":0,"ix":10},"p":{"a":0,"k":[540,540,0],"ix":2},"a":{"a":0,"k":[283.893,283.894,0],"ix":1},"s":{"a":0,"k":[100,100,100],"ix":6}},"ao":0,"shapes":[{"ty":"gr","it":[{"ind":0,"ty":"sh","ix":1,"ks":{"a":0,"k":{"i":[[0,-156.652],[156.652,0],[0,156.652],[-156.652,0]],"o":[[0,156.652],[-156.652,0],[0,-156.652],[156.652,0]],"v":[[283.643,0],[-0.001,283.644],[-283.644,0],[-0.001,-283.644]],"c":true},"ix":2},"nm":"Path 1","mn":"ADBE Vector Shape - Group","hd":false},{"ty":"fl","c":{"a":0,"k":[0.286274509804,0.360784313725,0.909803981407,1],"ix":4},"o":{"a":0,"k":100,"ix":5},"r":1,"bm":0,"nm":"Fill 1","mn":"ADBE Vector Graphic - Fill","hd":false},{"ty":"tr","p":{"a":0,"k":[283.893,283.894],"ix":2},"a":{"a":0,"k":[0,0],"ix":1},"s":{"a":0,"k":[100,100],"ix":3},"r":{"a":0,"k":0,"ix":6},"o":{"a":0,"k":100,"ix":7},"sk":{"a":0,"k":0,"ix":4},"sa":{"a":0,"k":0,"ix":5},"nm":"Transform"}],"nm":"Group 1","np":2,"cix":2,"bm":0,"ix":1,"mn":"ADBE Vector Group","hd":false}],"ip":0,"op":1507.82406141493,"st":0,"bm":0},{"ddd":0,"ind":6,"ty":4,"nm":"Right Eyelid Outlines","tt":1,"sr":1,"ks":{"o":{"a":0,"k":100,"ix":11},"r":{"a":0,"k":0,"ix":10},"p":{"a":1,"k":[{"i":{"x":0.001,"y":1},"o":{"x":0.333,"y":0},"t":3.663,"s":[501.824,229.297,0],"to":[1.046,43.33,0],"ti":[-1.046,-43.33,0]},{"i":{"x":0.667,"y":0.667},"o":{"x":0.333,"y":0.333},"t":11.573,"s":[508.097,489.276,0],"to":[0,0,0],"ti":[0,0,0]},{"i":{"x":0.013,"y":1},"o":{"x":0.333,"y":0},"t":16.849,"s":[508.097,489.276,0],"to":[-1.046,-43.33,0],"ti":[1.046,43.33,0]},{"i":{"x":0.667,"y":0.667},"o":{"x":0.333,"y":0.333},"t":24.76,"s":[501.824,229.297,0],"to":[0,0,0],"ti":[0,0,0]},{"i":{"x":0.001,"y":1},"o":{"x":0.333,"y":0},"t":54.414,"s":[501.824,229.297,0],"to":[1.046,43.33,0],"ti":[-1.046,-43.33,0]},{"i":{"x":0.667,"y":0.667},"o":{"x":0.333,"y":0.333},"t":62.324,"s":[508.097,489.276,0],"to":[0,0,0],"ti":[0,0,0]},{"i":{"x":0.013,"y":1},"o":{"x":0.333,"y":0},"t":67.599,"s":[508.097,489.276,0],"to":[-1.046,-43.33,0],"ti":[1.046,43.33,0]},{"i":{"x":0.833,"y":0.833},"o":{"x":0.167,"y":0.167},"t":75.51,"s":[501.824,229.297,0],"to":[0,0,0],"ti":[0,0,0]},{"i":{"x":0.001,"y":1},"o":{"x":0.333,"y":0},"t":110.538,"s":[501.824,229.297,0],"to":[1.046,43.33,0],"ti":[-1.046,-43.33,0]},{"i":{"x":0.667,"y":0.667},"o":{"x":0.333,"y":0.333},"t":118.449,"s":[508.097,489.276,0],"to":[0,0,0],"ti":[0,0,0]},{"i":{"x":0.013,"y":1},"o":{"x":0.333,"y":0},"t":123.723,"s":[508.097,489.276,0],"to":[-1.046,-43.33,0],"ti":[1.046,43.33,0]},{"i":{"x":0.667,"y":0.667},"o":{"x":0.167,"y":0.167},"t":131.635,"s":[501.824,229.297,0],"to":[0,0,0],"ti":[0,0,0]},{"i":{"x":0.001,"y":1},"o":{"x":0.333,"y":0},"t":168.155,"s":[501.824,229.297,0],"to":[1.046,43.33,0],"ti":[-1.046,-43.33,0]},{"i":{"x":0.667,"y":0.667},"o":{"x":0.333,"y":0.333},"t":176.066,"s":[508.097,489.276,0],"to":[0,0,0],"ti":[0,0,0]},{"i":{"x":0.013,"y":1},"o":{"x":0.333,"y":0},"t":181.339,"s":[508.097,489.276,0],"to":[-1.046,-43.33,0],"ti":[1.046,43.33,0]},{"i":{"x":0.833,"y":0.833},"o":{"x":0.167,"y":0.167},"t":189.253,"s":[501.824,229.297,0],"to":[0,0,0],"ti":[0,0,0]},{"i":{"x":0.001,"y":1},"o":{"x":0.333,"y":0},"t":224.875,"s":[501.824,229.297,0],"to":[1.046,43.33,0],"ti":[-1.046,-43.33,0]},{"i":{"x":0.667,"y":0.667},"o":{"x":0.333,"y":0.333},"t":232.788,"s":[508.097,489.276,0],"to":[0,0,0],"ti":[0,0,0]},{"i":{"x":0.013,"y":1},"o":{"x":0.333,"y":0},"t":238.061,"s":[508.097,489.276,0],"to":[-1.046,-43.33,0],"ti":[1.046,43.33,0]},{"i":{"x":0.667,"y":0.667},"o":{"x":0.333,"y":0.333},"t":245.973,"s":[501.824,229.297,0],"to":[0,0,0],"ti":[0,0,0]},{"i":{"x":0.001,"y":1},"o":{"x":0.333,"y":0},"t":280.403,"s":[501.824,229.297,0],"to":[1.046,43.33,0],"ti":[-1.046,-43.33,0]},{"i":{"x":0.667,"y":0.667},"o":{"x":0.333,"y":0.333},"t":288.314,"s":[508.097,489.276,0],"to":[0,0,0],"ti":[0,0,0]},{"i":{"x":0.013,"y":1},"o":{"x":0.333,"y":0},"t":293.589,"s":[508.097,489.276,0],"to":[-1.046,-43.33,0],"ti":[1.046,43.33,0]},{"i":{"x":0.833,"y":0.833},"o":{"x":0.167,"y":0.167},"t":301.499,"s":[501.824,229.297,0],"to":[0,0,0],"ti":[0,0,0]},{"i":{"x":0.001,"y":1},"o":{"x":0.333,"y":0},"t":349.663,"s":[501.824,229.297,0],"to":[1.046,43.33,0],"ti":[-1.046,-43.33,0]},{"i":{"x":0.667,"y":0.667},"o":{"x":0.333,"y":0.333},"t":357.573,"s":[508.097,489.276,0],"to":[0,0,0],"ti":[0,0,0]},{"i":{"x":0.013,"y":1},"o":{"x":0.333,"y":0},"t":362.849,"s":[508.097,489.276,0],"to":[-1.046,-43.33,0],"ti":[1.046,43.33,0]},{"i":{"x":0.667,"y":0.667},"o":{"x":0.167,"y":0.167},"t":370.759,"s":[501.824,229.297,0],"to":[0,0,0],"ti":[0,0,0]},{"i":{"x":0.001,"y":1},"o":{"x":0.333,"y":0},"t":407.28,"s":[501.824,229.297,0],"to":[1.046,43.33,0],"ti":[-1.046,-43.33,0]},{"i":{"x":0.667,"y":0.667},"o":{"x":0.333,"y":0.333},"t":415.191,"s":[508.097,489.276,0],"to":[0,0,0],"ti":[0,0,0]},{"i":{"x":0.013,"y":1},"o":{"x":0.333,"y":0},"t":420.466,"s":[508.097,489.276,0],"to":[-1.046,-43.33,0],"ti":[1.046,43.33,0]},{"i":{"x":0.833,"y":0.833},"o":{"x":0.167,"y":0.167},"t":428.376,"s":[501.824,229.297,0],"to":[0,0,0],"ti":[0,0,0]},{"i":{"x":0.001,"y":1},"o":{"x":0.333,"y":0},"t":458.726,"s":[501.824,229.297,0],"to":[1.046,43.33,0],"ti":[-1.046,-43.33,0]},{"i":{"x":0.667,"y":0.667},"o":{"x":0.333,"y":0.333},"t":466.638,"s":[508.097,489.276,0],"to":[0,0,0],"ti":[0,0,0]},{"i":{"x":0.013,"y":1},"o":{"x":0.333,"y":0},"t":471.911,"s":[508.097,489.276,0],"to":[-1.046,-43.33,0],"ti":[1.046,43.33,0]},{"i":{"x":0.667,"y":0.667},"o":{"x":0.333,"y":0.333},"t":479.823,"s":[501.824,229.297,0],"to":[0,0,0],"ti":[0,0,0]},{"i":{"x":0.001,"y":1},"o":{"x":0.333,"y":0},"t":510.074,"s":[501.824,229.297,0],"to":[1.046,43.33,0],"ti":[-1.046,-43.33,0]},{"i":{"x":0.667,"y":0.667},"o":{"x":0.333,"y":0.333},"t":517.984,"s":[508.097,489.276,0],"to":[0,0,0],"ti":[0,0,0]},{"i":{"x":0.013,"y":1},"o":{"x":0.333,"y":0},"t":523.26,"s":[508.097,489.276,0],"to":[-1.046,-43.33,0],"ti":[1.046,43.33,0]},{"i":{"x":0.833,"y":0.833},"o":{"x":0.167,"y":0.167},"t":531.17,"s":[501.824,229.297,0],"to":[0,0,0],"ti":[0,0,0]},{"i":{"x":0.001,"y":1},"o":{"x":0.333,"y":0},"t":579.334,"s":[501.824,229.297,0],"to":[1.046,43.33,0],"ti":[-1.046,-43.33,0]},{"i":{"x":0.667,"y":0.667},"o":{"x":0.333,"y":0.333},"t":587.244,"s":[508.097,489.276,0],"to":[0,0,0],"ti":[0,0,0]},{"i":{"x":0.013,"y":1},"o":{"x":0.333,"y":0},"t":592.519,"s":[508.097,489.276,0],"to":[-1.046,-43.33,0],"ti":[1.046,43.33,0]},{"i":{"x":0.667,"y":0.667},"o":{"x":0.167,"y":0.167},"t":600.43,"s":[501.824,229.297,0],"to":[0,0,0],"ti":[0,0,0]},{"i":{"x":0.001,"y":1},"o":{"x":0.333,"y":0},"t":636.951,"s":[501.824,229.297,0],"to":[1.046,43.33,0],"ti":[-1.046,-43.33,0]},{"i":{"x":0.667,"y":0.667},"o":{"x":0.333,"y":0.333},"t":644.861,"s":[508.097,489.276,0],"to":[0,0,0],"ti":[0,0,0]},{"i":{"x":0.013,"y":1},"o":{"x":0.333,"y":0},"t":650.136,"s":[508.097,489.276,0],"to":[-1.046,-43.33,0],"ti":[1.046,43.33,0]},{"i":{"x":0.833,"y":0.833},"o":{"x":0.167,"y":0.167},"t":658.048,"s":[501.824,229.297,0],"to":[0,0,0],"ti":[0,0,0]},{"i":{"x":0.001,"y":1},"o":{"x":0.333,"y":0},"t":693.671,"s":[501.824,229.297,0],"to":[1.046,43.33,0],"ti":[-1.046,-43.33,0]},{"i":{"x":0.667,"y":0.667},"o":{"x":0.333,"y":0.333},"t":701.583,"s":[508.097,489.276,0],"to":[0,0,0],"ti":[0,0,0]},{"i":{"x":0.013,"y":1},"o":{"x":0.333,"y":0},"t":706.858,"s":[508.097,489.276,0],"to":[-1.046,-43.33,0],"ti":[1.046,43.33,0]},{"i":{"x":0.667,"y":0.667},"o":{"x":0.333,"y":0.333},"t":714.768,"s":[501.824,229.297,0],"to":[0,0,0],"ti":[0,0,0]},{"i":{"x":0.001,"y":1},"o":{"x":0.333,"y":0},"t":767.111,"s":[501.824,229.297,0],"to":[1.046,43.33,0],"ti":[-1.046,-43.33,0]},{"i":{"x":0.667,"y":0.667},"o":{"x":0.333,"y":0.333},"t":775.023,"s":[508.097,489.276,0],"to":[0,0,0],"ti":[0,0,0]},{"i":{"x":0.013,"y":1},"o":{"x":0.333,"y":0},"t":780.298,"s":[508.097,489.276,0],"to":[-1.046,-43.33,0],"ti":[1.046,43.33,0]},{"i":{"x":0.833,"y":0.833},"o":{"x":0.167,"y":0.167},"t":788.208,"s":[501.824,229.297,0],"to":[0,0,0],"ti":[0,0,0]},{"i":{"x":0.001,"y":1},"o":{"x":0.333,"y":0},"t":836.371,"s":[501.824,229.297,0],"to":[1.046,43.33,0],"ti":[-1.046,-43.33,0]},{"i":{"x":0.667,"y":0.667},"o":{"x":0.333,"y":0.333},"t":844.281,"s":[508.097,489.276,0],"to":[0,0,0],"ti":[0,0,0]},{"i":{"x":0.013,"y":1},"o":{"x":0.333,"y":0},"t":849.556,"s":[508.097,489.276,0],"to":[-1.046,-43.33,0],"ti":[1.046,43.33,0]},{"i":{"x":0.667,"y":0.667},"o":{"x":0.167,"y":0.167},"t":857.468,"s":[501.824,229.297,0],"to":[0,0,0],"ti":[0,0,0]},{"i":{"x":0.001,"y":1},"o":{"x":0.333,"y":0},"t":893.986,"s":[501.824,229.297,0],"to":[1.046,43.33,0],"ti":[-1.046,-43.33,0]},{"i":{"x":0.667,"y":0.667},"o":{"x":0.333,"y":0.333},"t":901.898,"s":[508.097,489.276,0],"to":[0,0,0],"ti":[0,0,0]},{"i":{"x":0.013,"y":1},"o":{"x":0.333,"y":0},"t":907.174,"s":[508.097,489.276,0],"to":[-1.046,-43.33,0],"ti":[1.046,43.33,0]},{"t":915.083787272125,"s":[501.824,229.297,0]}],"ix":2},"a":{"a":0,"k":[98.411,143.93,0],"ix":1},"s":{"a":0,"k":[100,100,100],"ix":6}},"ao":0,"shapes":[{"ty":"gr","it":[{"ind":0,"ty":"sh","ix":1,"ks":{"a":0,"k":{"i":[[0,0],[0,0],[0,0],[0,0]],"o":[[0,0],[0,0],[0,0],[0,0]],"v":[[-79.068,143.68],[98.161,128.175],[98.161,-143.68],[-98.161,-143.68]],"c":true},"ix":2},"nm":"Path 1","mn":"ADBE Vector Shape - Group","hd":false},{"ty":"fl","c":{"a":0,"k":[0.286274509804,0.360784313725,0.909803981407,1],"ix":4},"o":{"a":0,"k":100,"ix":5},"r":1,"bm":0,"nm":"Fill 1","mn":"ADBE Vector Graphic - Fill","hd":false},{"ty":"tr","p":{"a":0,"k":[98.411,143.93],"ix":2},"a":{"a":0,"k":[0,0],"ix":1},"s":{"a":0,"k":[100,100],"ix":3},"r":{"a":0,"k":0,"ix":6},"o":{"a":0,"k":100,"ix":7},"sk":{"a":0,"k":0,"ix":4},"sa":{"a":0,"k":0,"ix":5},"nm":"Transform"}],"nm":"Group 1","np":2,"cix":2,"bm":0,"ix":1,"mn":"ADBE Vector Group","hd":false}],"ip":0,"op":1507.82406141493,"st":0,"bm":0},{"ddd":0,"ind":7,"ty":4,"nm":"Head Outlines 5","td":1,"sr":1,"ks":{"o":{"a":0,"k":100,"ix":11},"r":{"a":0,"k":0,"ix":10},"p":{"a":0,"k":[540,540,0],"ix":2},"a":{"a":0,"k":[283.893,283.894,0],"ix":1},"s":{"a":0,"k":[100,100,100],"ix":6}},"ao":0,"shapes":[{"ty":"gr","it":[{"ind":0,"ty":"sh","ix":1,"ks":{"a":0,"k":{"i":[[0,-156.652],[156.652,0],[0,156.652],[-156.652,0]],"o":[[0,156.652],[-156.652,0],[0,-156.652],[156.652,0]],"v":[[283.643,0],[-0.001,283.644],[-283.644,0],[-0.001,-283.644]],"c":true},"ix":2},"nm":"Path 1","mn":"ADBE Vector Shape - Group","hd":false},{"ty":"fl","c":{"a":0,"k":[0.286274509804,0.360784313725,0.909803981407,1],"ix":4},"o":{"a":0,"k":100,"ix":5},"r":1,"bm":0,"nm":"Fill 1","mn":"ADBE Vector Graphic - Fill","hd":false},{"ty":"tr","p":{"a":0,"k":[283.893,283.894],"ix":2},"a":{"a":0,"k":[0,0],"ix":1},"s":{"a":0,"k":[100,100],"ix":3},"r":{"a":0,"k":0,"ix":6},"o":{"a":0,"k":100,"ix":7},"sk":{"a":0,"k":0,"ix":4},"sa":{"a":0,"k":0,"ix":5},"nm":"Transform"}],"nm":"Group 1","np":2,"cix":2,"bm":0,"ix":1,"mn":"ADBE Vector Group","hd":false}],"ip":0,"op":1507.82406141493,"st":0,"bm":0},{"ddd":0,"ind":8,"ty":4,"nm":"Left Eyelid Outlines","tt":1,"sr":1,"ks":{"o":{"a":0,"k":100,"ix":11},"r":{"a":0,"k":0,"ix":10},"p":{"a":1,"k":[{"i":{"x":0.001,"y":1},"o":{"x":0.333,"y":0},"t":3.663,"s":[334.589,300.246,0],"to":[1.819,36.497,0],"ti":[-1.819,-36.497,0]},{"i":{"x":0.667,"y":0.667},"o":{"x":0.333,"y":0.333},"t":11.573,"s":[345.502,519.225,0],"to":[0,0,0],"ti":[0,0,0]},{"i":{"x":0.013,"y":1},"o":{"x":0.333,"y":0},"t":16.849,"s":[345.502,519.225,0],"to":[-1.819,-36.497,0],"ti":[1.819,36.497,0]},{"i":{"x":0.667,"y":0.667},"o":{"x":0.333,"y":0.333},"t":24.76,"s":[334.589,300.246,0],"to":[0,0,0],"ti":[0,0,0]},{"i":{"x":0.001,"y":1},"o":{"x":0.333,"y":0},"t":54.414,"s":[334.589,300.246,0],"to":[1.819,36.497,0],"ti":[-1.819,-36.497,0]},{"i":{"x":0.667,"y":0.667},"o":{"x":0.333,"y":0.333},"t":62.324,"s":[345.502,519.225,0],"to":[0,0,0],"ti":[0,0,0]},{"i":{"x":0.013,"y":1},"o":{"x":0.333,"y":0},"t":67.599,"s":[345.502,519.225,0],"to":[-1.819,-36.497,0],"ti":[1.819,36.497,0]},{"i":{"x":0.833,"y":0.833},"o":{"x":0.167,"y":0.167},"t":75.51,"s":[334.589,300.246,0],"to":[0,0,0],"ti":[0,0,0]},{"i":{"x":0.001,"y":1},"o":{"x":0.333,"y":0},"t":110.538,"s":[334.589,300.246,0],"to":[1.819,36.497,0],"ti":[-1.819,-36.497,0]},{"i":{"x":0.667,"y":0.667},"o":{"x":0.333,"y":0.333},"t":118.449,"s":[345.502,519.225,0],"to":[0,0,0],"ti":[0,0,0]},{"i":{"x":0.013,"y":1},"o":{"x":0.333,"y":0},"t":123.723,"s":[345.502,519.225,0],"to":[-1.819,-36.497,0],"ti":[1.819,36.497,0]},{"i":{"x":0.667,"y":0.667},"o":{"x":0.167,"y":0.167},"t":131.635,"s":[334.589,300.246,0],"to":[0,0,0],"ti":[0,0,0]},{"i":{"x":0.001,"y":1},"o":{"x":0.333,"y":0},"t":168.155,"s":[334.589,300.246,0],"to":[1.819,36.497,0],"ti":[-1.819,-36.497,0]},{"i":{"x":0.667,"y":0.667},"o":{"x":0.333,"y":0.333},"t":176.066,"s":[345.502,519.225,0],"to":[0,0,0],"ti":[0,0,0]},{"i":{"x":0.013,"y":1},"o":{"x":0.333,"y":0},"t":181.339,"s":[345.502,519.225,0],"to":[-1.819,-36.497,0],"ti":[1.819,36.497,0]},{"i":{"x":0.833,"y":0.833},"o":{"x":0.167,"y":0.167},"t":189.253,"s":[334.589,300.246,0],"to":[0,0,0],"ti":[0,0,0]},{"i":{"x":0.001,"y":1},"o":{"x":0.333,"y":0},"t":224.875,"s":[334.589,300.246,0],"to":[1.819,36.497,0],"ti":[-1.819,-36.497,0]},{"i":{"x":0.667,"y":0.667},"o":{"x":0.333,"y":0.333},"t":232.788,"s":[345.502,519.225,0],"to":[0,0,0],"ti":[0,0,0]},{"i":{"x":0.013,"y":1},"o":{"x":0.333,"y":0},"t":238.061,"s":[345.502,519.225,0],"to":[-1.819,-36.497,0],"ti":[1.819,36.497,0]},{"i":{"x":0.667,"y":0.667},"o":{"x":0.333,"y":0.333},"t":245.973,"s":[334.589,300.246,0],"to":[0,0,0],"ti":[0,0,0]},{"i":{"x":0.001,"y":1},"o":{"x":0.333,"y":0},"t":280.403,"s":[334.589,300.246,0],"to":[1.819,36.497,0],"ti":[-1.819,-36.497,0]},{"i":{"x":0.667,"y":0.667},"o":{"x":0.333,"y":0.333},"t":288.314,"s":[345.502,519.225,0],"to":[0,0,0],"ti":[0,0,0]},{"i":{"x":0.013,"y":1},"o":{"x":0.333,"y":0},"t":293.589,"s":[345.502,519.225,0],"to":[-1.819,-36.497,0],"ti":[1.819,36.497,0]},{"i":{"x":0.833,"y":0.833},"o":{"x":0.167,"y":0.167},"t":301.499,"s":[334.589,300.246,0],"to":[0,0,0],"ti":[0,0,0]},{"i":{"x":0.001,"y":1},"o":{"x":0.333,"y":0},"t":349.663,"s":[334.589,300.246,0],"to":[1.819,36.497,0],"ti":[-1.819,-36.497,0]},{"i":{"x":0.667,"y":0.667},"o":{"x":0.333,"y":0.333},"t":357.573,"s":[345.502,519.225,0],"to":[0,0,0],"ti":[0,0,0]},{"i":{"x":0.013,"y":1},"o":{"x":0.333,"y":0},"t":362.849,"s":[345.502,519.225,0],"to":[-1.819,-36.497,0],"ti":[1.819,36.497,0]},{"i":{"x":0.667,"y":0.667},"o":{"x":0.167,"y":0.167},"t":370.759,"s":[334.589,300.246,0],"to":[0,0,0],"ti":[0,0,0]},{"i":{"x":0.001,"y":1},"o":{"x":0.333,"y":0},"t":407.28,"s":[334.589,300.246,0],"to":[1.819,36.497,0],"ti":[-1.819,-36.497,0]},{"i":{"x":0.667,"y":0.667},"o":{"x":0.333,"y":0.333},"t":415.191,"s":[345.502,519.225,0],"to":[0,0,0],"ti":[0,0,0]},{"i":{"x":0.013,"y":1},"o":{"x":0.333,"y":0},"t":420.466,"s":[345.502,519.225,0],"to":[-1.819,-36.497,0],"ti":[1.819,36.497,0]},{"i":{"x":0.833,"y":0.833},"o":{"x":0.167,"y":0.167},"t":428.376,"s":[334.589,300.246,0],"to":[0,0,0],"ti":[0,0,0]},{"i":{"x":0.001,"y":1},"o":{"x":0.333,"y":0},"t":458.726,"s":[334.589,300.246,0],"to":[1.819,36.497,0],"ti":[-1.819,-36.497,0]},{"i":{"x":0.667,"y":0.667},"o":{"x":0.333,"y":0.333},"t":466.638,"s":[345.502,519.225,0],"to":[0,0,0],"ti":[0,0,0]},{"i":{"x":0.013,"y":1},"o":{"x":0.333,"y":0},"t":471.911,"s":[345.502,519.225,0],"to":[-1.819,-36.497,0],"ti":[1.819,36.497,0]},{"i":{"x":0.667,"y":0.667},"o":{"x":0.333,"y":0.333},"t":479.823,"s":[334.589,300.246,0],"to":[0,0,0],"ti":[0,0,0]},{"i":{"x":0.001,"y":1},"o":{"x":0.333,"y":0},"t":510.074,"s":[334.589,300.246,0],"to":[1.819,36.497,0],"ti":[-1.819,-36.497,0]},{"i":{"x":0.667,"y":0.667},"o":{"x":0.333,"y":0.333},"t":517.984,"s":[345.502,519.225,0],"to":[0,0,0],"ti":[0,0,0]},{"i":{"x":0.013,"y":1},"o":{"x":0.333,"y":0},"t":523.26,"s":[345.502,519.225,0],"to":[-1.819,-36.497,0],"ti":[1.819,36.497,0]},{"i":{"x":0.833,"y":0.833},"o":{"x":0.167,"y":0.167},"t":531.17,"s":[334.589,300.246,0],"to":[0,0,0],"ti":[0,0,0]},{"i":{"x":0.001,"y":1},"o":{"x":0.333,"y":0},"t":579.334,"s":[334.589,300.246,0],"to":[1.819,36.497,0],"ti":[-1.819,-36.497,0]},{"i":{"x":0.667,"y":0.667},"o":{"x":0.333,"y":0.333},"t":587.244,"s":[345.502,519.225,0],"to":[0,0,0],"ti":[0,0,0]},{"i":{"x":0.013,"y":1},"o":{"x":0.333,"y":0},"t":592.519,"s":[345.502,519.225,0],"to":[-1.819,-36.497,0],"ti":[1.819,36.497,0]},{"i":{"x":0.667,"y":0.667},"o":{"x":0.167,"y":0.167},"t":600.43,"s":[334.589,300.246,0],"to":[0,0,0],"ti":[0,0,0]},{"i":{"x":0.001,"y":1},"o":{"x":0.333,"y":0},"t":636.951,"s":[334.589,300.246,0],"to":[1.819,36.497,0],"ti":[-1.819,-36.497,0]},{"i":{"x":0.667,"y":0.667},"o":{"x":0.333,"y":0.333},"t":644.861,"s":[345.502,519.225,0],"to":[0,0,0],"ti":[0,0,0]},{"i":{"x":0.013,"y":1},"o":{"x":0.333,"y":0},"t":650.136,"s":[345.502,519.225,0],"to":[-1.819,-36.497,0],"ti":[1.819,36.497,0]},{"i":{"x":0.833,"y":0.833},"o":{"x":0.167,"y":0.167},"t":658.048,"s":[334.589,300.246,0],"to":[0,0,0],"ti":[0,0,0]},{"i":{"x":0.001,"y":1},"o":{"x":0.333,"y":0},"t":693.671,"s":[334.589,300.246,0],"to":[1.819,36.497,0],"ti":[-1.819,-36.497,0]},{"i":{"x":0.667,"y":0.667},"o":{"x":0.333,"y":0.333},"t":701.583,"s":[345.502,519.225,0],"to":[0,0,0],"ti":[0,0,0]},{"i":{"x":0.013,"y":1},"o":{"x":0.333,"y":0},"t":706.858,"s":[345.502,519.225,0],"to":[-1.819,-36.497,0],"ti":[1.819,36.497,0]},{"i":{"x":0.667,"y":0.667},"o":{"x":0.333,"y":0.333},"t":714.768,"s":[334.589,300.246,0],"to":[0,0,0],"ti":[0,0,0]},{"i":{"x":0.001,"y":1},"o":{"x":0.333,"y":0},"t":767.111,"s":[334.589,300.246,0],"to":[1.819,36.497,0],"ti":[-1.819,-36.497,0]},{"i":{"x":0.667,"y":0.667},"o":{"x":0.333,"y":0.333},"t":775.023,"s":[345.502,519.225,0],"to":[0,0,0],"ti":[0,0,0]},{"i":{"x":0.013,"y":1},"o":{"x":0.333,"y":0},"t":780.298,"s":[345.502,519.225,0],"to":[-1.819,-36.497,0],"ti":[1.819,36.497,0]},{"i":{"x":0.833,"y":0.833},"o":{"x":0.167,"y":0.167},"t":788.208,"s":[334.589,300.246,0],"to":[0,0,0],"ti":[0,0,0]},{"i":{"x":0.001,"y":1},"o":{"x":0.333,"y":0},"t":836.371,"s":[334.589,300.246,0],"to":[1.819,36.497,0],"ti":[-1.819,-36.497,0]},{"i":{"x":0.667,"y":0.667},"o":{"x":0.333,"y":0.333},"t":844.281,"s":[345.502,519.225,0],"to":[0,0,0],"ti":[0,0,0]},{"i":{"x":0.013,"y":1},"o":{"x":0.333,"y":0},"t":849.556,"s":[345.502,519.225,0],"to":[-1.819,-36.497,0],"ti":[1.819,36.497,0]},{"i":{"x":0.667,"y":0.667},"o":{"x":0.167,"y":0.167},"t":857.468,"s":[334.589,300.246,0],"to":[0,0,0],"ti":[0,0,0]},{"i":{"x":0.001,"y":1},"o":{"x":0.333,"y":0},"t":893.986,"s":[334.589,300.246,0],"to":[1.819,36.497,0],"ti":[-1.819,-36.497,0]},{"i":{"x":0.667,"y":0.667},"o":{"x":0.333,"y":0.333},"t":901.898,"s":[345.502,519.225,0],"to":[0,0,0],"ti":[0,0,0]},{"i":{"x":0.013,"y":1},"o":{"x":0.333,"y":0},"t":907.174,"s":[345.502,519.225,0],"to":[-1.819,-36.497,0],"ti":[1.819,36.497,0]},{"t":915.083787272125,"s":[334.589,300.246,0]}],"ix":2},"a":{"a":0,"k":[70.624,140.152,0],"ix":1},"s":{"a":0,"k":[100,100,100],"ix":6}},"ao":0,"shapes":[{"ty":"gr","it":[{"ind":0,"ty":"sh","ix":1,"ks":{"a":0,"k":{"i":[[0,0],[0,0],[0,0],[0,0]],"o":[[0,0],[0,0],[0,0],[0,0]],"v":[[-57.608,139.902],[70.374,114.874],[52.339,-139.903],[-70.374,-67.416]],"c":true},"ix":2},"nm":"Path 1","mn":"ADBE Vector Shape - Group","hd":false},{"ty":"fl","c":{"a":0,"k":[0.286274509804,0.360784313725,0.909803981407,1],"ix":4},"o":{"a":0,"k":100,"ix":5},"r":1,"bm":0,"nm":"Fill 1","mn":"ADBE Vector Graphic - Fill","hd":false},{"ty":"tr","p":{"a":0,"k":[70.624,140.152],"ix":2},"a":{"a":0,"k":[0,0],"ix":1},"s":{"a":0,"k":[100,100],"ix":3},"r":{"a":0,"k":0,"ix":6},"o":{"a":0,"k":100,"ix":7},"sk":{"a":0,"k":0,"ix":4},"sa":{"a":0,"k":0,"ix":5},"nm":"Transform"}],"nm":"Group 1","np":2,"cix":2,"bm":0,"ix":1,"mn":"ADBE Vector Group","hd":false}],"ip":0,"op":1507.82406141493,"st":0,"bm":0},{"ddd":0,"ind":9,"ty":4,"nm":"Eyes to Right/Cee Animation Outlines","sr":1,"ks":{"o":{"a":0,"k":100,"ix":11},"r":{"a":0,"k":0,"ix":10},"p":{"a":1,"k":[{"i":{"x":0.667,"y":1},"o":{"x":0.333,"y":0},"t":3.33,"s":[540,540,0],"to":[0,0,0],"ti":[0,0,0]},{"i":{"x":0.667,"y":0.667},"o":{"x":0.333,"y":0.333},"t":11.655,"s":[535,555,0],"to":[0,0,0],"ti":[0,0,0]},{"i":{"x":0.667,"y":1},"o":{"x":0.333,"y":0},"t":16.65,"s":[535,555,0],"to":[0,0,0],"ti":[0,0,0]},{"i":{"x":0.667,"y":0.667},"o":{"x":0.333,"y":0.333},"t":24.643,"s":[540,540,0],"to":[0,0,0],"ti":[0,0,0]},{"i":{"x":0.667,"y":1},"o":{"x":0.333,"y":0},"t":54.279,"s":[540,540,0],"to":[0,0,0],"ti":[0,0,0]},{"i":{"x":0.667,"y":0.667},"o":{"x":0.333,"y":0.333},"t":61.605,"s":[535,555,0],"to":[0,0,0],"ti":[0,0,0]},{"i":{"x":0.667,"y":1},"o":{"x":0.333,"y":0},"t":67.599,"s":[535,555,0],"to":[0,0,0],"ti":[0,0,0]},{"i":{"x":0.667,"y":0.667},"o":{"x":0.333,"y":0.333},"t":75.924,"s":[540,540,0],"to":[0,0,0],"ti":[0,0,0]},{"i":{"x":0.667,"y":1},"o":{"x":0.333,"y":0},"t":110.223,"s":[540,540,0],"to":[0,0,0],"ti":[0,0,0]},{"i":{"x":0.667,"y":0.667},"o":{"x":0.333,"y":0.333},"t":118.548,"s":[535,555,0],"to":[0,0,0],"ti":[0,0,0]},{"i":{"x":0.667,"y":1},"o":{"x":0.333,"y":0},"t":123.543,"s":[535,555,0],"to":[0,0,0],"ti":[0,0,0]},{"i":{"x":0.667,"y":0.667},"o":{"x":0.333,"y":0.333},"t":131.535,"s":[540,540,0],"to":[0,0,0],"ti":[0,0,0]},{"i":{"x":0.667,"y":1},"o":{"x":0.333,"y":0},"t":167.833,"s":[540,540,0],"to":[0,0,0],"ti":[0,0,0]},{"i":{"x":0.667,"y":0.667},"o":{"x":0.333,"y":0.333},"t":175.158,"s":[535,555,0],"to":[0,0,0],"ti":[0,0,0]},{"i":{"x":0.667,"y":1},"o":{"x":0.333,"y":0},"t":181.153,"s":[535,555,0],"to":[0,0,0],"ti":[0,0,0]},{"i":{"x":0.667,"y":0.667},"o":{"x":0.333,"y":0.333},"t":189.478,"s":[540,540,0],"to":[0,0,0],"ti":[0,0,0]},{"i":{"x":0.667,"y":1},"o":{"x":0.333,"y":0},"t":224.775,"s":[540,540,0],"to":[0,0,0],"ti":[0,0,0]},{"i":{"x":0.667,"y":0.667},"o":{"x":0.333,"y":0.333},"t":233.1,"s":[535,555,0],"to":[0,0,0],"ti":[0,0,0]},{"i":{"x":0.667,"y":1},"o":{"x":0.333,"y":0},"t":238.095,"s":[535,555,0],"to":[0,0,0],"ti":[0,0,0]},{"i":{"x":0.667,"y":0.667},"o":{"x":0.333,"y":0.333},"t":246.088,"s":[540,540,0],"to":[0,0,0],"ti":[0,0,0]},{"i":{"x":0.667,"y":1},"o":{"x":0.333,"y":0},"t":279.72,"s":[540,540,0],"to":[0,0,0],"ti":[0,0,0]},{"i":{"x":0.667,"y":0.667},"o":{"x":0.333,"y":0.333},"t":287.046,"s":[535,555,0],"to":[0,0,0],"ti":[0,0,0]},{"i":{"x":0.667,"y":1},"o":{"x":0.333,"y":0},"t":293.04,"s":[535,555,0],"to":[0,0,0],"ti":[0,0,0]},{"i":{"x":0.667,"y":0.667},"o":{"x":0.333,"y":0.333},"t":301.365,"s":[540,540,0],"to":[0,0,0],"ti":[0,0,0]},{"i":{"x":0.667,"y":1},"o":{"x":0.333,"y":0},"t":349.983,"s":[540,540,0],"to":[0,0,0],"ti":[0,0,0]},{"i":{"x":0.667,"y":0.667},"o":{"x":0.333,"y":0.333},"t":358.308,"s":[535,555,0],"to":[0,0,0],"ti":[0,0,0]},{"i":{"x":0.667,"y":1},"o":{"x":0.333,"y":0},"t":363.303,"s":[535,555,0],"to":[0,0,0],"ti":[0,0,0]},{"i":{"x":0.667,"y":0.667},"o":{"x":0.333,"y":0.333},"t":371.295,"s":[540,540,0],"to":[0,0,0],"ti":[0,0,0]},{"i":{"x":0.667,"y":1},"o":{"x":0.333,"y":0},"t":406.926,"s":[540,540,0],"to":[0,0,0],"ti":[0,0,0]},{"i":{"x":0.667,"y":0.667},"o":{"x":0.333,"y":0.333},"t":414.253,"s":[535,555,0],"to":[0,0,0],"ti":[0,0,0]},{"i":{"x":0.667,"y":1},"o":{"x":0.333,"y":0},"t":420.246,"s":[535,555,0],"to":[0,0,0],"ti":[0,0,0]},{"i":{"x":0.667,"y":0.667},"o":{"x":0.333,"y":0.333},"t":428.571,"s":[540,540,0],"to":[0,0,0],"ti":[0,0,0]},{"i":{"x":0.667,"y":1},"o":{"x":0.333,"y":0},"t":458.541,"s":[540,540,0],"to":[0,0,0],"ti":[0,0,0]},{"i":{"x":0.667,"y":0.667},"o":{"x":0.333,"y":0.333},"t":466.866,"s":[535,555,0],"to":[0,0,0],"ti":[0,0,0]},{"i":{"x":0.667,"y":1},"o":{"x":0.333,"y":0},"t":471.861,"s":[535,555,0],"to":[0,0,0],"ti":[0,0,0]},{"i":{"x":0.667,"y":0.667},"o":{"x":0.333,"y":0.333},"t":479.853,"s":[540,540,0],"to":[0,0,0],"ti":[0,0,0]},{"i":{"x":0.667,"y":1},"o":{"x":0.333,"y":0},"t":509.823,"s":[540,540,0],"to":[0,0,0],"ti":[0,0,0]},{"i":{"x":0.667,"y":0.667},"o":{"x":0.333,"y":0.333},"t":517.149,"s":[535,555,0],"to":[0,0,0],"ti":[0,0,0]},{"i":{"x":0.667,"y":1},"o":{"x":0.333,"y":0},"t":523.143,"s":[535,555,0],"to":[0,0,0],"ti":[0,0,0]},{"i":{"x":0.667,"y":0.667},"o":{"x":0.333,"y":0.333},"t":531.468,"s":[540,540,0],"to":[0,0,0],"ti":[0,0,0]},{"i":{"x":0.667,"y":1},"o":{"x":0.333,"y":0},"t":579.088,"s":[540,540,0],"to":[0,0,0],"ti":[0,0,0]},{"i":{"x":0.667,"y":0.667},"o":{"x":0.333,"y":0.333},"t":587.413,"s":[535,555,0],"to":[0,0,0],"ti":[0,0,0]},{"i":{"x":0.667,"y":1},"o":{"x":0.333,"y":0},"t":592.408,"s":[535,555,0],"to":[0,0,0],"ti":[0,0,0]},{"i":{"x":0.667,"y":0.667},"o":{"x":0.333,"y":0.333},"t":600.399,"s":[540,540,0],"to":[0,0,0],"ti":[0,0,0]},{"i":{"x":0.667,"y":1},"o":{"x":0.333,"y":0},"t":636.696,"s":[540,540,0],"to":[0,0,0],"ti":[0,0,0]},{"i":{"x":0.667,"y":0.667},"o":{"x":0.333,"y":0.333},"t":644.023,"s":[535,555,0],"to":[0,0,0],"ti":[0,0,0]},{"i":{"x":0.667,"y":1},"o":{"x":0.333,"y":0},"t":650.016,"s":[535,555,0],"to":[0,0,0],"ti":[0,0,0]},{"t":658.341276814789,"s":[540,540,0]}],"ix":2},"a":{"a":0,"k":[960,540,0],"ix":1},"s":{"a":0,"k":[100,100,100],"ix":6}},"ao":0,"shapes":[{"ty":"gr","it":[{"ind":0,"ty":"sh","ix":1,"ks":{"a":0,"k":{"i":[[1.413,-0.205],[1.756,12.085],[-5.344,0.776],[-1.124,-0.658],[10.276,-1.812],[-6.528,-37.025],[-12.342,2.176],[1.493,26.498]],"o":[[-5.344,0.776],[-1.756,-12.084],[1.13,-0.165],[-7.606,-27.877],[-12.342,2.176],[6.529,37.025],[9.71,-1.712],[-1.032,1.408]],"v":[[22.52,21.116],[9.664,0.641],[16.161,-22.644],[19.562,-21.867],[-10.641,-67.222],[-21.167,3.759],[13.002,66.859],[26.201,18.608]],"c":true},"ix":2},"nm":"Path 1","mn":"ADBE Vector Shape - Group","hd":false},{"ty":"fl","c":{"a":0,"k":[0,0,0,1],"ix":4},"o":{"a":0,"k":100,"ix":5},"r":1,"bm":0,"nm":"Fill 1","mn":"ADBE Vector Graphic - Fill","hd":false},{"ty":"tr","p":{"a":1,"k":[{"i":{"x":0.667,"y":1},"o":{"x":0.333,"y":0},"t":3.33,"s":[785.272,570.992],"to":[-8,1],"ti":[8,-1]},{"i":{"x":0.667,"y":0.667},"o":{"x":0.333,"y":0.333},"t":24.643,"s":[737.272,576.992],"to":[0,0],"ti":[0,0]},{"i":{"x":0.667,"y":1},"o":{"x":0.333,"y":0},"t":54.279,"s":[737.272,576.992],"to":[8,-1],"ti":[-8,1]},{"i":{"x":0.667,"y":0.667},"o":{"x":0.333,"y":0.333},"t":75.924,"s":[785.272,570.992],"to":[0,0],"ti":[0,0]},{"i":{"x":0.667,"y":1},"o":{"x":0.333,"y":0},"t":110.223,"s":[785.272,570.992],"to":[-8,1],"ti":[8,-1]},{"i":{"x":0.667,"y":0.667},"o":{"x":0.333,"y":0.333},"t":131.535,"s":[737.272,576.992],"to":[0,0],"ti":[0,0]},{"i":{"x":0.667,"y":1},"o":{"x":0.333,"y":0},"t":167.833,"s":[737.272,576.992],"to":[8,-1],"ti":[-8,1]},{"i":{"x":0.667,"y":0.667},"o":{"x":0.333,"y":0.333},"t":189.478,"s":[785.272,570.992],"to":[0,0],"ti":[0,0]},{"i":{"x":0.667,"y":1},"o":{"x":0.333,"y":0},"t":224.775,"s":[785.272,570.992],"to":[-8,1],"ti":[8,-1]},{"i":{"x":0.667,"y":0.667},"o":{"x":0.333,"y":0.333},"t":246.088,"s":[737.272,576.992],"to":[0,0],"ti":[0,0]},{"i":{"x":0.667,"y":1},"o":{"x":0.333,"y":0},"t":279.72,"s":[737.272,576.992],"to":[8,-1],"ti":[-8,1]},{"i":{"x":0.667,"y":0.667},"o":{"x":0.333,"y":0.333},"t":301.365,"s":[785.272,570.992],"to":[0,0],"ti":[0,0]},{"i":{"x":0.667,"y":1},"o":{"x":0.333,"y":0},"t":349.983,"s":[785.272,570.992],"to":[-8,1],"ti":[8,-1]},{"i":{"x":0.667,"y":0.667},"o":{"x":0.333,"y":0.333},"t":371.295,"s":[737.272,576.992],"to":[0,0],"ti":[0,0]},{"i":{"x":0.667,"y":1},"o":{"x":0.333,"y":0},"t":406.926,"s":[737.272,576.992],"to":[8,-1],"ti":[-8,1]},{"i":{"x":0.667,"y":0.667},"o":{"x":0.333,"y":0.333},"t":428.571,"s":[785.272,570.992],"to":[0,0],"ti":[0,0]},{"i":{"x":0.667,"y":1},"o":{"x":0.333,"y":0},"t":458.541,"s":[785.272,570.992],"to":[-8,1],"ti":[8,-1]},{"i":{"x":0.667,"y":0.667},"o":{"x":0.333,"y":0.333},"t":479.853,"s":[737.272,576.992],"to":[0,0],"ti":[0,0]},{"i":{"x":0.667,"y":1},"o":{"x":0.333,"y":0},"t":509.823,"s":[737.272,576.992],"to":[8,-1],"ti":[-8,1]},{"i":{"x":0.667,"y":0.667},"o":{"x":0.333,"y":0.333},"t":531.468,"s":[785.272,570.992],"to":[0,0],"ti":[0,0]},{"i":{"x":0.667,"y":1},"o":{"x":0.333,"y":0},"t":579.088,"s":[785.272,570.992],"to":[-8,1],"ti":[8,-1]},{"i":{"x":0.667,"y":0.667},"o":{"x":0.333,"y":0.333},"t":600.399,"s":[737.272,576.992],"to":[0,0],"ti":[0,0]},{"i":{"x":0.667,"y":1},"o":{"x":0.333,"y":0},"t":636.696,"s":[737.272,576.992],"to":[8,-1],"ti":[-8,1]},{"t":658.341276814789,"s":[785.272,570.992]}],"ix":2},"a":{"a":0,"k":[0,0],"ix":1},"s":{"a":0,"k":[100,100],"ix":3},"r":{"a":0,"k":0,"ix":6},"o":{"a":0,"k":100,"ix":7},"sk":{"a":0,"k":0,"ix":4},"sa":{"a":0,"k":0,"ix":5},"nm":"Transform"}],"nm":"Group 1","np":2,"cix":2,"bm":0,"ix":1,"mn":"ADBE Vector Group","hd":false},{"ty":"gr","it":[{"ind":0,"ty":"sh","ix":1,"ks":{"a":0,"k":{"i":[[0.851,-0.094],[1.545,14.053],[-5.964,0.657],[-1.184,-0.751],[15.259,-1.335],[-4.096,-46.817],[-18.727,1.639],[-1.081,35.45]],"o":[[-5.964,0.656],[-1.546,-14.053],[1.214,-0.133],[-7.288,-34.288],[-18.727,1.638],[4.096,46.816],[15.38,-1.345],[-0.746,0.526]],"v":[[33.913,22.027],[20.315,-2.23],[28.315,-28.863],[31.931,-27.895],[-5.723,-84.921],[-32.215,2.815],[9.11,84.617],[36.311,21.077]],"c":true},"ix":2},"nm":"Path 1","mn":"ADBE Vector Shape - Group","hd":false},{"ty":"fl","c":{"a":0,"k":[0,0,0,1],"ix":4},"o":{"a":0,"k":100,"ix":5},"r":1,"bm":0,"nm":"Fill 1","mn":"ADBE Vector Graphic - Fill","hd":false},{"ty":"tr","p":{"a":1,"k":[{"i":{"x":0.667,"y":1},"o":{"x":0.333,"y":0},"t":3.33,"s":[958.307,540.146],"to":[-8,1],"ti":[8,-1]},{"i":{"x":0.667,"y":0.667},"o":{"x":0.333,"y":0.333},"t":24.643,"s":[910.307,546.146],"to":[0,0],"ti":[0,0]},{"i":{"x":0.667,"y":1},"o":{"x":0.333,"y":0},"t":54.279,"s":[910.307,546.146],"to":[8,-1],"ti":[-8,1]},{"i":{"x":0.667,"y":0.667},"o":{"x":0.333,"y":0.333},"t":75.924,"s":[958.307,540.146],"to":[0,0],"ti":[0,0]},{"i":{"x":0.667,"y":1},"o":{"x":0.333,"y":0},"t":110.223,"s":[958.307,540.146],"to":[-8,1],"ti":[8,-1]},{"i":{"x":0.667,"y":0.667},"o":{"x":0.333,"y":0.333},"t":131.535,"s":[910.307,546.146],"to":[0,0],"ti":[0,0]},{"i":{"x":0.667,"y":1},"o":{"x":0.333,"y":0},"t":167.833,"s":[910.307,546.146],"to":[8,-1],"ti":[-8,1]},{"i":{"x":0.667,"y":0.667},"o":{"x":0.333,"y":0.333},"t":189.478,"s":[958.307,540.146],"to":[0,0],"ti":[0,0]},{"i":{"x":0.667,"y":1},"o":{"x":0.333,"y":0},"t":224.775,"s":[958.307,540.146],"to":[-8,1],"ti":[8,-1]},{"i":{"x":0.667,"y":0.667},"o":{"x":0.333,"y":0.333},"t":246.088,"s":[910.307,546.146],"to":[0,0],"ti":[0,0]},{"i":{"x":0.667,"y":1},"o":{"x":0.333,"y":0},"t":279.72,"s":[910.307,546.146],"to":[8,-1],"ti":[-8,1]},{"i":{"x":0.667,"y":0.667},"o":{"x":0.333,"y":0.333},"t":301.365,"s":[958.307,540.146],"to":[0,0],"ti":[0,0]},{"i":{"x":0.667,"y":1},"o":{"x":0.333,"y":0},"t":349.983,"s":[958.307,540.146],"to":[-8,1],"ti":[8,-1]},{"i":{"x":0.667,"y":0.667},"o":{"x":0.333,"y":0.333},"t":371.295,"s":[910.307,546.146],"to":[0,0],"ti":[0,0]},{"i":{"x":0.667,"y":1},"o":{"x":0.333,"y":0},"t":406.926,"s":[910.307,546.146],"to":[8,-1],"ti":[-8,1]},{"i":{"x":0.667,"y":0.667},"o":{"x":0.333,"y":0.333},"t":428.571,"s":[958.307,540.146],"to":[0,0],"ti":[0,0]},{"i":{"x":0.667,"y":1},"o":{"x":0.333,"y":0},"t":458.541,"s":[958.307,540.146],"to":[-8,1],"ti":[8,-1]},{"i":{"x":0.667,"y":0.667},"o":{"x":0.333,"y":0.333},"t":479.853,"s":[910.307,546.146],"to":[0,0],"ti":[0,0]},{"i":{"x":0.667,"y":1},"o":{"x":0.333,"y":0},"t":509.823,"s":[910.307,546.146],"to":[8,-1],"ti":[-8,1]},{"i":{"x":0.667,"y":0.667},"o":{"x":0.333,"y":0.333},"t":531.468,"s":[958.307,540.146],"to":[0,0],"ti":[0,0]},{"i":{"x":0.667,"y":1},"o":{"x":0.333,"y":0},"t":579.088,"s":[958.307,540.146],"to":[-8,1],"ti":[8,-1]},{"i":{"x":0.667,"y":0.667},"o":{"x":0.333,"y":0.333},"t":600.399,"s":[910.307,546.146],"to":[0,0],"ti":[0,0]},{"i":{"x":0.667,"y":1},"o":{"x":0.333,"y":0},"t":636.696,"s":[910.307,546.146],"to":[8,-1],"ti":[-8,1]},{"t":658.341276814789,"s":[958.307,540.146]}],"ix":2},"a":{"a":0,"k":[0,0],"ix":1},"s":{"a":0,"k":[100,100],"ix":3},"r":{"a":0,"k":0,"ix":6},"o":{"a":0,"k":100,"ix":7},"sk":{"a":0,"k":0,"ix":4},"sa":{"a":0,"k":0,"ix":5},"nm":"Transform"}],"nm":"Group 2","np":2,"cix":2,"bm":0,"ix":2,"mn":"ADBE Vector Group","hd":false}],"ip":0,"op":1502.49606119792,"st":0,"bm":0},{"ddd":0,"ind":10,"ty":4,"nm":"Right Eye Open Outlines","sr":1,"ks":{"o":{"a":0,"k":100,"ix":11},"r":{"a":0,"k":0,"ix":10},"p":{"a":0,"k":[515.185,540,0],"ix":2},"a":{"a":0,"k":[93.211,173.884,0],"ix":1},"s":{"a":0,"k":[100,100,100],"ix":6}},"ao":0,"shapes":[{"ty":"gr","it":[{"ind":0,"ty":"sh","ix":1,"ks":{"a":0,"k":{"i":[[-8.192,-93.634],[46.817,-4.096],[8.192,93.633],[-46.817,4.096]],"o":[[8.192,93.634],[-46.816,4.096],[-8.191,-93.634],[46.817,-4.096]],"v":[[84.769,-7.417],[14.832,169.538],[-84.77,7.417],[-14.833,-169.538]],"c":true},"ix":2},"nm":"Path 1","mn":"ADBE Vector Shape - Group","hd":false},{"ty":"fl","c":{"a":0,"k":[1,1,1,1],"ix":4},"o":{"a":0,"k":100,"ix":5},"r":1,"bm":0,"nm":"Fill 1","mn":"ADBE Vector Graphic - Fill","hd":false},{"ty":"tr","p":{"a":0,"k":[93.211,173.885],"ix":2},"a":{"a":0,"k":[0,0],"ix":1},"s":{"a":0,"k":[100,100],"ix":3},"r":{"a":0,"k":0,"ix":6},"o":{"a":0,"k":100,"ix":7},"sk":{"a":0,"k":0,"ix":4},"sa":{"a":0,"k":0,"ix":5},"nm":"Transform"}],"nm":"Group 1","np":2,"cix":2,"bm":0,"ix":1,"mn":"ADBE Vector Group","hd":false}],"ip":0,"op":1507.82406141493,"st":0,"bm":0},{"ddd":0,"ind":11,"ty":4,"nm":"Left Eye Open Outlines","sr":1,"ks":{"o":{"a":0,"k":100,"ix":11},"r":{"a":0,"k":0,"ix":10},"p":{"a":0,"k":[348.634,573.952,0],"ix":2},"a":{"a":0,"k":[69.718,145.358,0],"ix":1},"s":{"a":0,"k":[100,100,100],"ix":6}},"ao":0,"shapes":[{"ty":"gr","it":[{"ind":0,"ty":"sh","ix":1,"ks":{"a":0,"k":{"i":[[-13.601,-77.136],[30.855,-5.44],[13.601,77.136],[-30.855,5.44]],"o":[[13.601,77.136],[-30.854,5.441],[-13.601,-77.136],[30.854,-5.441]],"v":[[55.867,-9.851],[24.627,139.667],[-55.867,9.851],[-24.627,-139.667]],"c":true},"ix":2},"nm":"Path 1","mn":"ADBE Vector Shape - Group","hd":false},{"ty":"fl","c":{"a":0,"k":[1,1,1,1],"ix":4},"o":{"a":0,"k":100,"ix":5},"r":1,"bm":0,"nm":"Fill 1","mn":"ADBE Vector Graphic - Fill","hd":false},{"ty":"tr","p":{"a":0,"k":[69.718,145.358],"ix":2},"a":{"a":0,"k":[0,0],"ix":1},"s":{"a":0,"k":[100,100],"ix":3},"r":{"a":0,"k":0,"ix":6},"o":{"a":0,"k":100,"ix":7},"sk":{"a":0,"k":0,"ix":4},"sa":{"a":0,"k":0,"ix":5},"nm":"Transform"}],"nm":"Group 1","np":2,"cix":2,"bm":0,"ix":1,"mn":"ADBE Vector Group","hd":false}],"ip":0,"op":1507.82406141493,"st":0,"bm":0},{"ddd":0,"ind":12,"ty":4,"nm":"Head Outlines","sr":1,"ks":{"o":{"a":0,"k":100,"ix":11},"r":{"a":0,"k":0,"ix":10},"p":{"a":0,"k":[540,540,0],"ix":2},"a":{"a":0,"k":[283.893,283.894,0],"ix":1},"s":{"a":0,"k":[100,100,100],"ix":6}},"ao":0,"shapes":[{"ty":"gr","it":[{"ind":0,"ty":"sh","ix":1,"ks":{"a":0,"k":{"i":[[0,-156.652],[156.652,0],[0,156.652],[-156.652,0]],"o":[[0,156.652],[-156.652,0],[0,-156.652],[156.652,0]],"v":[[283.643,0],[-0.001,283.644],[-283.644,0],[-0.001,-283.644]],"c":true},"ix":2},"nm":"Path 1","mn":"ADBE Vector Shape - Group","hd":false},{"ty":"fl","c":{"a":0,"k":[0.286274509804,0.360784313725,0.909803981407,1],"ix":4},"o":{"a":0,"k":100,"ix":5},"r":1,"bm":0,"nm":"Fill 1","mn":"ADBE Vector Graphic - Fill","hd":false},{"ty":"tr","p":{"a":0,"k":[283.893,283.894],"ix":2},"a":{"a":0,"k":[0,0],"ix":1},"s":{"a":0,"k":[100,100],"ix":3},"r":{"a":0,"k":0,"ix":6},"o":{"a":0,"k":100,"ix":7},"sk":{"a":0,"k":0,"ix":4},"sa":{"a":0,"k":0,"ix":5},"nm":"Transform"}],"nm":"Group 1","np":2,"cix":2,"bm":0,"ix":1,"mn":"ADBE Vector Group","hd":false}],"ip":0,"op":1507.82406141493,"st":0,"bm":0}]}],"layers":[{"ddd":0,"ind":1,"ty":4,"nm":"Artwork 8 Outlines","sr":1,"ks":{"o":{"a":0,"k":100,"ix":11},"r":{"a":0,"k":0,"ix":10},"p":{"a":0,"k":[532,548,0],"ix":2},"a":{"a":0,"k":[60,80,0],"ix":1},"s":{"a":0,"k":[610,610,100],"ix":6}},"ao":0,"shapes":[{"ty":"gr","it":[{"ind":0,"ty":"sh","ix":1,"ks":{"a":0,"k":{"i":[[2.787,0],[1.423,-1.589],[0.279,-3.01],[-2.258,0.81],[0,1.953]],"o":[[-2.287,0],[-1.42,1.589],[3.68,-0.111],[2.257,-0.806],[0,-2.508]],"v":[[1.923,-11.42],[-3.639,-9.038],[-6.189,-2.139],[2.718,-3.519],[6.105,-7.658]],"c":true},"ix":2},"nm":"Path 1","mn":"ADBE Vector Shape - Group","hd":false},{"ind":1,"ty":"sh","ix":2,"ks":{"a":0,"k":{"i":[[0,0],[3.122,-1.447],[4.07,0.111],[3.4,3.457],[0,6.412],[-1.033,2.76],[-1.839,1.924],[-2.538,1.06],[-3.01,0],[-2.733,-2.231],[0,-4.069],[1.17,-1.701],[2.091,-1.06],[2.814,-0.529],[3.345,-0.112],[-4.461,0],[-1.479,0.81],[-1.116,1.506]],"o":[[-1.84,2.957],[-3.124,1.45],[-5.909,-0.112],[-3.401,-3.456],[0,-3.456],[1.031,-2.76],[1.841,-1.923],[2.535,-1.058],[4.738,0],[2.73,2.23],[0,2.398],[-1.171,1.7],[-2.09,1.058],[-2.816,0.531],[1.004,4.126],[2.118,0],[1.477,-0.807],[0,0]],"v":[[18.648,12.663],[11.206,19.269],[0.417,21.277],[-13.548,15.925],[-18.648,1.123],[-17.102,-8.201],[-12.796,-15.226],[-6.23,-19.701],[2.09,-21.288],[13.297,-17.943],[17.394,-8.494],[15.638,-2.347],[10.745,1.793],[3.386,4.175],[-5.854,5.138],[2.342,11.326],[7.735,10.113],[11.624,6.642]],"c":true},"ix":2},"nm":"Path 2","mn":"ADBE Vector Shape - Group","hd":false},{"ty":"mm","mm":1,"nm":"Merge Paths 1","mn":"ADBE Vector Filter - Merge","hd":false},{"ty":"fl","c":{"a":0,"k":[1,1,1,1],"ix":4},"o":{"a":0,"k":100,"ix":5},"r":1,"bm":0,"nm":"Fill 1","mn":"ADBE Vector Graphic - Fill","hd":false},{"ty":"tr","p":{"a":0,"k":[101.352,138.289],"ix":2},"a":{"a":0,"k":[0,0],"ix":1},"s":{"a":0,"k":[100,100],"ix":3},"r":{"a":0,"k":0,"ix":6},"o":{"a":0,"k":100,"ix":7},"sk":{"a":0,"k":0,"ix":4},"sa":{"a":0,"k":0,"ix":5},"nm":"Transform"}],"nm":"Group 1","np":6,"cix":2,"bm":0,"ix":1,"mn":"ADBE Vector Group","hd":false},{"ty":"gr","it":[{"ind":0,"ty":"sh","ix":1,"ks":{"a":0,"k":{"i":[[2.787,0],[1.423,-1.589],[0.279,-3.01],[-2.258,0.81],[0,1.953]],"o":[[-2.287,0],[-1.42,1.589],[3.68,-0.111],[2.257,-0.806],[0,-2.508]],"v":[[1.923,-11.42],[-3.639,-9.038],[-6.189,-2.139],[2.718,-3.519],[6.105,-7.658]],"c":true},"ix":2},"nm":"Path 1","mn":"ADBE Vector Shape - Group","hd":false},{"ind":1,"ty":"sh","ix":2,"ks":{"a":0,"k":{"i":[[0,0],[3.122,-1.447],[4.07,0.111],[3.4,3.457],[0,6.412],[-1.033,2.76],[-1.839,1.924],[-2.538,1.06],[-3.01,0],[-2.733,-2.231],[0,-4.069],[1.17,-1.701],[2.091,-1.06],[2.814,-0.529],[3.345,-0.112],[-4.461,0],[-1.479,0.81],[-1.116,1.506]],"o":[[-1.84,2.957],[-3.124,1.45],[-5.909,-0.112],[-3.401,-3.456],[0,-3.456],[1.031,-2.76],[1.841,-1.923],[2.535,-1.058],[4.738,0],[2.73,2.23],[0,2.398],[-1.171,1.7],[-2.09,1.058],[-2.816,0.531],[1.004,4.126],[2.118,0],[1.477,-0.807],[0,0]],"v":[[18.648,12.663],[11.206,19.269],[0.417,21.277],[-13.548,15.925],[-18.648,1.123],[-17.102,-8.201],[-12.796,-15.226],[-6.23,-19.701],[2.09,-21.288],[13.297,-17.943],[17.394,-8.494],[15.638,-2.347],[10.745,1.793],[3.386,4.175],[-5.854,5.138],[2.342,11.326],[7.735,10.113],[11.624,6.642]],"c":true},"ix":2},"nm":"Path 2","mn":"ADBE Vector Shape - Group","hd":false},{"ty":"mm","mm":1,"nm":"Merge Paths 1","mn":"ADBE Vector Filter - Merge","hd":false},{"ty":"fl","c":{"a":0,"k":[1,1,1,1],"ix":4},"o":{"a":0,"k":100,"ix":5},"r":1,"bm":0,"nm":"Fill 1","mn":"ADBE Vector Graphic - Fill","hd":false},{"ty":"tr","p":{"a":0,"k":[59.876,138.289],"ix":2},"a":{"a":0,"k":[0,0],"ix":1},"s":{"a":0,"k":[100,100],"ix":3},"r":{"a":0,"k":0,"ix":6},"o":{"a":0,"k":100,"ix":7},"sk":{"a":0,"k":0,"ix":4},"sa":{"a":0,"k":0,"ix":5},"nm":"Transform"}],"nm":"Group 2","np":6,"cix":2,"bm":0,"ix":2,"mn":"ADBE Vector Group","hd":false},{"ty":"gr","it":[{"ind":0,"ty":"sh","ix":1,"ks":{"a":0,"k":{"i":[[4.07,0],[3.568,3.709],[0,6.748],[-3.567,3.736],[-6.188,0],[-2.927,-2.231],[0,-4.516],[0.11,-0.921],[0.279,-0.612],[0,0],[0,1.226],[3.791,0],[0,-7.192],[-1.534,-1.924],[-2.843,0],[-1.254,0.92],[-0.95,1.338],[0,0],[2.843,-1.617]],"o":[[-6.244,0],[-3.567,-3.705],[0,-6.744],[3.568,-3.735],[4.961,0],[2.926,2.23],[0,0.893],[-0.113,0.918],[0,0],[0.279,-0.836],[0,-3.514],[-5.019,0],[0,3.734],[1.532,1.923],[2.341,0],[1.255,-0.919],[0,0],[-1.452,2.509],[-2.843,1.616]],"v":[[1.63,21.283],[-13.089,15.72],[-18.439,0.04],[-13.089,-15.68],[1.547,-21.283],[13.38,-17.938],[17.769,-7.82],[17.603,-5.101],[17.016,-2.803],[6.646,-2.719],[7.066,-5.812],[1.38,-11.081],[-6.148,-0.292],[-3.848,8.195],[2.717,11.079],[8.111,9.699],[11.415,6.313],[18.439,12.669],[11.999,18.858]],"c":true},"ix":2},"nm":"Path 1","mn":"ADBE Vector Shape - Group","hd":false},{"ty":"fl","c":{"a":0,"k":[1,1,1,1],"ix":4},"o":{"a":0,"k":100,"ix":5},"r":1,"bm":0,"nm":"Fill 1","mn":"ADBE Vector Graphic - Fill","hd":false},{"ty":"tr","p":{"a":0,"k":[18.44,138.283],"ix":2},"a":{"a":0,"k":[0,0],"ix":1},"s":{"a":0,"k":[100,100],"ix":3},"r":{"a":0,"k":0,"ix":6},"o":{"a":0,"k":100,"ix":7},"sk":{"a":0,"k":0,"ix":4},"sa":{"a":0,"k":0,"ix":5},"nm":"Transform"}],"nm":"Group 3","np":2,"cix":2,"bm":0,"ix":3,"mn":"ADBE Vector Group","hd":false}],"ip":0,"op":925.000037676022,"st":0,"bm":0},{"ddd":0,"ind":2,"ty":0,"nm":"splash","refId":"comp_0","sr":1,"ks":{"o":{"a":0,"k":100,"ix":11},"r":{"a":0,"k":0,"ix":10},"p":{"a":0,"k":[532,384,0],"ix":2},"a":{"a":0,"k":[540,540,0],"ix":1},"s":{"a":0,"k":[117,117,100],"ix":6}},"ao":0,"w":1080,"h":1080,"ip":0,"op":925.000037676022,"st":0,"bm":0},{"ddd":0,"ind":3,"ty":4,"nm":"Shape Layer 1","sr":1,"ks":{"o":{"a":0,"k":100,"ix":11},"r":{"a":0,"k":0,"ix":10},"p":{"a":0,"k":[542,568,0],"ix":2},"a":{"a":0,"k":[0,0,0],"ix":1},"s":{"a":0,"k":[99,99,100],"ix":6}},"ao":0,"shapes":[{"ty":"gr","it":[{"d":1,"ty":"el","s":{"a":0,"k":[688,688],"ix":2},"p":{"a":0,"k":[0,0],"ix":3},"nm":"Ellipse Path 1","mn":"ADBE Vector Shape - Ellipse","hd":false},{"ty":"fl","c":{"a":0,"k":[1,1,1,1],"ix":4},"o":{"a":0,"k":100,"ix":5},"r":1,"bm":0,"nm":"Fill 1","mn":"ADBE Vector Graphic - Fill","hd":false},{"ty":"tr","p":{"a":0,"k":[-12,-184],"ix":2},"a":{"a":0,"k":[0,0],"ix":1},"s":{"a":0,"k":[100,100],"ix":3},"r":{"a":0,"k":0,"ix":6},"o":{"a":0,"k":100,"ix":7},"sk":{"a":0,"k":0,"ix":4},"sa":{"a":0,"k":0,"ix":5},"nm":"Transform"}],"nm":"Ellipse 1","np":3,"cix":2,"bm":0,"ix":1,"mn":"ADBE Vector Group","hd":false}],"ip":0,"op":925.000037676022,"st":0,"bm":0}],"markers":[]}