{"v":"4.8.0","meta":{"g":"LottieFiles AE 3.1.1","a":"","k":"","d":"","tc":""},"fr":29.9700012207031,"ip":0,"op":90.0000036657751,"w":700,"h":660,"nm":"face speed 30 to 60","ddd":0,"assets":[{"id":"comp_0","layers":[{"ddd":0,"ind":1,"ty":4,"nm":"Head Outlines 2","td":1,"sr":1,"ks":{"o":{"a":0,"k":100,"ix":11},"r":{"a":0,"k":0,"ix":10},"p":{"a":0,"k":[540,540,0],"ix":2},"a":{"a":0,"k":[283.893,283.894,0],"ix":1},"s":{"a":0,"k":[100,100,100],"ix":6}},"ao":0,"shapes":[{"ty":"gr","it":[{"ind":0,"ty":"sh","ix":1,"ks":{"a":0,"k":{"i":[[0,-156.652],[156.652,0],[0,156.652],[-156.652,0]],"o":[[0,156.652],[-156.652,0],[0,-156.652],[156.652,0]],"v":[[283.643,0],[-0.001,283.644],[-283.644,0],[-0.001,-283.644]],"c":true},"ix":2},"nm":"Path 1","mn":"ADBE Vector Shape - Group","hd":false},{"ty":"fl","c":{"a":0,"k":[0.286274509804,0.360784313725,0.909803981407,1],"ix":4},"o":{"a":0,"k":100,"ix":5},"r":1,"bm":0,"nm":"Fill 1","mn":"ADBE Vector Graphic - Fill","hd":false},{"ty":"tr","p":{"a":0,"k":[283.893,283.894],"ix":2},"a":{"a":0,"k":[0,0],"ix":1},"s":{"a":0,"k":[100,100],"ix":3},"r":{"a":0,"k":0,"ix":6},"o":{"a":0,"k":100,"ix":7},"sk":{"a":0,"k":0,"ix":4},"sa":{"a":0,"k":0,"ix":5},"nm":"Transform"}],"nm":"Group 1","np":2,"cix":2,"bm":0,"ix":1,"mn":"ADBE Vector Group","hd":false}],"ip":0,"op":1507.82406141493,"st":0,"bm":0},{"ddd":0,"ind":2,"ty":4,"nm":"Left Eyelid Outlines 2","tt":1,"sr":1,"ks":{"o":{"a":0,"k":100,"ix":11},"r":{"a":0,"k":180,"ix":10},"p":{"a":1,"k":[{"i":{"x":0.001,"y":1},"o":{"x":0.333,"y":0},"t":3.663,"s":[359.707,848.144,0],"to":[0,-12.583,0],"ti":[0,13.25,0]},{"i":{"x":0.667,"y":1},"o":{"x":0.333,"y":0},"t":11.573,"s":[359.707,772.644,0],"to":[0,-13.25,0],"ti":[0,-12.583,0]},{"i":{"x":0.013,"y":1},"o":{"x":0.333,"y":0},"t":16.849,"s":[359.707,768.644,0],"to":[0,12.583,0],"ti":[0,-13.25,0]},{"i":{"x":0.667,"y":0.667},"o":{"x":0.333,"y":0.333},"t":24.76,"s":[359.707,848.144,0],"to":[0,0,0],"ti":[0,0,0]},{"i":{"x":0.001,"y":1},"o":{"x":0.333,"y":0},"t":54.414,"s":[359.707,848.144,0],"to":[0,-13.25,0],"ti":[0,13.25,0]},{"i":{"x":0.667,"y":0.667},"o":{"x":0.333,"y":0.333},"t":62.324,"s":[359.707,768.644,0],"to":[0,0,0],"ti":[0,0,0]},{"i":{"x":0.013,"y":1},"o":{"x":0.333,"y":0},"t":67.599,"s":[359.707,768.644,0],"to":[0,13.25,0],"ti":[0,-13.25,0]},{"i":{"x":0.833,"y":0.833},"o":{"x":0.167,"y":0.167},"t":75.51,"s":[359.707,848.144,0],"to":[0,0,0],"ti":[0,0,0]},{"i":{"x":0.001,"y":1},"o":{"x":0.333,"y":0},"t":110.538,"s":[359.707,848.144,0],"to":[0,-12.583,0],"ti":[0,13.25,0]},{"i":{"x":0.667,"y":1},"o":{"x":0.333,"y":0},"t":118.449,"s":[359.707,772.644,0],"to":[0,-13.25,0],"ti":[0,-12.583,0]},{"i":{"x":0.013,"y":1},"o":{"x":0.333,"y":0},"t":123.723,"s":[359.707,768.644,0],"to":[0,12.583,0],"ti":[0,-13.25,0]},{"i":{"x":0.667,"y":0.667},"o":{"x":0.167,"y":0.167},"t":131.635,"s":[359.707,848.144,0],"to":[0,0,0],"ti":[0,0,0]},{"i":{"x":0.001,"y":1},"o":{"x":0.333,"y":0},"t":168.155,"s":[359.707,848.144,0],"to":[0,-13.25,0],"ti":[0,13.25,0]},{"i":{"x":0.667,"y":0.667},"o":{"x":0.333,"y":0.333},"t":176.066,"s":[359.707,768.644,0],"to":[0,0,0],"ti":[0,0,0]},{"i":{"x":0.013,"y":1},"o":{"x":0.333,"y":0},"t":181.339,"s":[359.707,768.644,0],"to":[0,13.25,0],"ti":[0,-13.25,0]},{"i":{"x":0.833,"y":0.833},"o":{"x":0.167,"y":0.167},"t":189.252,"s":[359.707,848.144,0],"to":[0,0,0],"ti":[0,0,0]},{"i":{"x":0.001,"y":1},"o":{"x":0.333,"y":0},"t":224.875,"s":[359.707,848.144,0],"to":[0,-12.583,0],"ti":[0,13.25,0]},{"i":{"x":0.667,"y":1},"o":{"x":0.333,"y":0},"t":232.788,"s":[359.707,772.644,0],"to":[0,-13.25,0],"ti":[0,-12.583,0]},{"i":{"x":0.013,"y":1},"o":{"x":0.333,"y":0},"t":238.061,"s":[359.707,768.644,0],"to":[0,12.583,0],"ti":[0,-13.25,0]},{"i":{"x":0.667,"y":0.667},"o":{"x":0.333,"y":0.333},"t":245.973,"s":[359.707,848.144,0],"to":[0,0,0],"ti":[0,0,0]},{"i":{"x":0.001,"y":1},"o":{"x":0.333,"y":0},"t":280.403,"s":[359.707,848.144,0],"to":[0,-13.25,0],"ti":[0,13.25,0]},{"i":{"x":0.667,"y":0.667},"o":{"x":0.333,"y":0.333},"t":288.314,"s":[359.707,768.644,0],"to":[0,0,0],"ti":[0,0,0]},{"i":{"x":0.013,"y":1},"o":{"x":0.333,"y":0},"t":293.589,"s":[359.707,768.644,0],"to":[0,13.25,0],"ti":[0,-13.25,0]},{"i":{"x":0.833,"y":0.833},"o":{"x":0.167,"y":0.167},"t":301.499,"s":[359.707,848.144,0],"to":[0,0,0],"ti":[0,0,0]},{"i":{"x":0.001,"y":1},"o":{"x":0.333,"y":0},"t":349.663,"s":[359.707,848.144,0],"to":[0,-12.583,0],"ti":[0,13.25,0]},{"i":{"x":0.667,"y":1},"o":{"x":0.333,"y":0},"t":357.573,"s":[359.707,772.644,0],"to":[0,-13.25,0],"ti":[0,-12.583,0]},{"i":{"x":0.013,"y":1},"o":{"x":0.333,"y":0},"t":362.849,"s":[359.707,768.644,0],"to":[0,12.583,0],"ti":[0,-13.25,0]},{"i":{"x":0.667,"y":0.667},"o":{"x":0.167,"y":0.167},"t":370.759,"s":[359.707,848.144,0],"to":[0,0,0],"ti":[0,0,0]},{"i":{"x":0.001,"y":1},"o":{"x":0.333,"y":0},"t":407.28,"s":[359.707,848.144,0],"to":[0,-13.25,0],"ti":[0,13.25,0]},{"i":{"x":0.667,"y":0.667},"o":{"x":0.333,"y":0.333},"t":415.191,"s":[359.707,768.644,0],"to":[0,0,0],"ti":[0,0,0]},{"i":{"x":0.013,"y":1},"o":{"x":0.333,"y":0},"t":420.466,"s":[359.707,768.644,0],"to":[0,13.25,0],"ti":[0,-13.25,0]},{"i":{"x":0.833,"y":0.833},"o":{"x":0.167,"y":0.167},"t":428.376,"s":[359.707,848.144,0],"to":[0,0,0],"ti":[0,0,0]},{"i":{"x":0.001,"y":1},"o":{"x":0.333,"y":0},"t":458.726,"s":[359.707,848.144,0],"to":[0,-12.583,0],"ti":[0,13.25,0]},{"i":{"x":0.667,"y":1},"o":{"x":0.333,"y":0},"t":466.637,"s":[359.707,772.644,0],"to":[0,-13.25,0],"ti":[0,-12.583,0]},{"i":{"x":0.013,"y":1},"o":{"x":0.333,"y":0},"t":471.912,"s":[359.707,768.644,0],"to":[0,12.583,0],"ti":[0,-13.25,0]},{"i":{"x":0.667,"y":0.667},"o":{"x":0.333,"y":0.333},"t":479.823,"s":[359.707,848.144,0],"to":[0,0,0],"ti":[0,0,0]},{"i":{"x":0.001,"y":1},"o":{"x":0.333,"y":0},"t":510.074,"s":[359.707,848.144,0],"to":[0,-13.25,0],"ti":[0,13.25,0]},{"i":{"x":0.667,"y":0.667},"o":{"x":0.333,"y":0.333},"t":517.984,"s":[359.707,768.644,0],"to":[0,0,0],"ti":[0,0,0]},{"i":{"x":0.013,"y":1},"o":{"x":0.333,"y":0},"t":523.26,"s":[359.707,768.644,0],"to":[0,13.25,0],"ti":[0,-13.25,0]},{"i":{"x":0.833,"y":0.833},"o":{"x":0.167,"y":0.167},"t":531.17,"s":[359.707,848.144,0],"to":[0,0,0],"ti":[0,0,0]},{"i":{"x":0.001,"y":1},"o":{"x":0.333,"y":0},"t":579.334,"s":[359.707,848.144,0],"to":[0,-12.583,0],"ti":[0,13.25,0]},{"i":{"x":0.667,"y":1},"o":{"x":0.333,"y":0},"t":587.244,"s":[359.707,772.644,0],"to":[0,-13.25,0],"ti":[0,-12.583,0]},{"i":{"x":0.013,"y":1},"o":{"x":0.333,"y":0},"t":592.519,"s":[359.707,768.644,0],"to":[0,12.583,0],"ti":[0,-13.25,0]},{"i":{"x":0.667,"y":0.667},"o":{"x":0.167,"y":0.167},"t":600.43,"s":[359.707,848.144,0],"to":[0,0,0],"ti":[0,0,0]},{"i":{"x":0.001,"y":1},"o":{"x":0.333,"y":0},"t":636.951,"s":[359.707,848.144,0],"to":[0,-13.25,0],"ti":[0,13.25,0]},{"i":{"x":0.667,"y":0.667},"o":{"x":0.333,"y":0.333},"t":644.861,"s":[359.707,768.644,0],"to":[0,0,0],"ti":[0,0,0]},{"i":{"x":0.013,"y":1},"o":{"x":0.333,"y":0},"t":650.136,"s":[359.707,768.644,0],"to":[0,13.25,0],"ti":[0,-13.25,0]},{"i":{"x":0.833,"y":0.833},"o":{"x":0.167,"y":0.167},"t":658.047,"s":[359.707,848.144,0],"to":[0,0,0],"ti":[0,0,0]},{"i":{"x":0.001,"y":1},"o":{"x":0.333,"y":0},"t":693.672,"s":[359.707,848.144,0],"to":[0,-12.583,0],"ti":[0,13.25,0]},{"i":{"x":0.667,"y":1},"o":{"x":0.333,"y":0},"t":701.583,"s":[359.707,772.644,0],"to":[0,-13.25,0],"ti":[0,-12.583,0]},{"i":{"x":0.013,"y":1},"o":{"x":0.333,"y":0},"t":706.858,"s":[359.707,768.644,0],"to":[0,12.583,0],"ti":[0,-13.25,0]},{"i":{"x":0.667,"y":0.667},"o":{"x":0.333,"y":0.333},"t":714.768,"s":[359.707,848.144,0],"to":[0,0,0],"ti":[0,0,0]},{"i":{"x":0.001,"y":1},"o":{"x":0.333,"y":0},"t":767.111,"s":[359.707,848.144,0],"to":[0,-13.25,0],"ti":[0,13.25,0]},{"i":{"x":0.667,"y":0.667},"o":{"x":0.333,"y":0.333},"t":775.022,"s":[359.707,768.644,0],"to":[0,0,0],"ti":[0,0,0]},{"i":{"x":0.013,"y":1},"o":{"x":0.333,"y":0},"t":780.297,"s":[359.707,768.644,0],"to":[0,13.25,0],"ti":[0,-13.25,0]},{"i":{"x":0.833,"y":0.833},"o":{"x":0.167,"y":0.167},"t":788.207,"s":[359.707,848.144,0],"to":[0,0,0],"ti":[0,0,0]},{"i":{"x":0.001,"y":1},"o":{"x":0.333,"y":0},"t":836.371,"s":[359.707,848.144,0],"to":[0,-12.583,0],"ti":[0,13.25,0]},{"i":{"x":0.667,"y":1},"o":{"x":0.333,"y":0},"t":844.281,"s":[359.707,772.644,0],"to":[0,-13.25,0],"ti":[0,-12.583,0]},{"i":{"x":0.013,"y":1},"o":{"x":0.333,"y":0},"t":849.556,"s":[359.707,768.644,0],"to":[0,12.583,0],"ti":[0,-13.25,0]},{"i":{"x":0.667,"y":0.667},"o":{"x":0.167,"y":0.167},"t":857.467,"s":[359.707,848.144,0],"to":[0,0,0],"ti":[0,0,0]},{"i":{"x":0.001,"y":1},"o":{"x":0.333,"y":0},"t":893.987,"s":[359.707,848.144,0],"to":[0,-13.25,0],"ti":[0,13.25,0]},{"i":{"x":0.667,"y":0.667},"o":{"x":0.333,"y":0.333},"t":901.898,"s":[359.707,768.644,0],"to":[0,0,0],"ti":[0,0,0]},{"i":{"x":0.013,"y":1},"o":{"x":0.333,"y":0},"t":907.174,"s":[359.707,768.644,0],"to":[0,13.25,0],"ti":[0,-13.25,0]},{"t":915.084037272135,"s":[359.707,848.144,0]}],"ix":2},"a":{"a":0,"k":[70.624,140.152,0],"ix":1},"s":{"a":0,"k":[100,100,100],"ix":6}},"ao":0,"shapes":[{"ty":"gr","it":[{"ind":0,"ty":"sh","ix":1,"ks":{"a":0,"k":{"i":[[0,0],[0,0],[0,0],[0,0]],"o":[[0,0],[0,0],[0,0],[0,0]],"v":[[-57.608,139.902],[70.374,114.874],[52.339,-139.903],[-70.374,-67.416]],"c":true},"ix":2},"nm":"Path 1","mn":"ADBE Vector Shape - Group","hd":false},{"ty":"fl","c":{"a":0,"k":[0.286274509804,0.360784313725,0.909803981407,1],"ix":4},"o":{"a":0,"k":100,"ix":5},"r":1,"bm":0,"nm":"Fill 1","mn":"ADBE Vector Graphic - Fill","hd":false},{"ty":"tr","p":{"a":0,"k":[70.624,140.152],"ix":2},"a":{"a":0,"k":[0,0],"ix":1},"s":{"a":0,"k":[100,100],"ix":3},"r":{"a":0,"k":0,"ix":6},"o":{"a":0,"k":100,"ix":7},"sk":{"a":0,"k":0,"ix":4},"sa":{"a":0,"k":0,"ix":5},"nm":"Transform"}],"nm":"Group 1","np":2,"cix":2,"bm":0,"ix":1,"mn":"ADBE Vector Group","hd":false}],"ip":0,"op":1507.82406141493,"st":0,"bm":0},{"ddd":0,"ind":3,"ty":4,"nm":"Head Outlines 3","td":1,"sr":1,"ks":{"o":{"a":0,"k":100,"ix":11},"r":{"a":0,"k":0,"ix":10},"p":{"a":0,"k":[540,540,0],"ix":2},"a":{"a":0,"k":[283.893,283.894,0],"ix":1},"s":{"a":0,"k":[100,100,100],"ix":6}},"ao":0,"shapes":[{"ty":"gr","it":[{"ind":0,"ty":"sh","ix":1,"ks":{"a":0,"k":{"i":[[0,-156.652],[156.652,0],[0,156.652],[-156.652,0]],"o":[[0,156.652],[-156.652,0],[0,-156.652],[156.652,0]],"v":[[283.643,0],[-0.001,283.644],[-283.644,0],[-0.001,-283.644]],"c":true},"ix":2},"nm":"Path 1","mn":"ADBE Vector Shape - Group","hd":false},{"ty":"fl","c":{"a":0,"k":[0.286274509804,0.360784313725,0.909803981407,1],"ix":4},"o":{"a":0,"k":100,"ix":5},"r":1,"bm":0,"nm":"Fill 1","mn":"ADBE Vector Graphic - Fill","hd":false},{"ty":"tr","p":{"a":0,"k":[283.893,283.894],"ix":2},"a":{"a":0,"k":[0,0],"ix":1},"s":{"a":0,"k":[100,100],"ix":3},"r":{"a":0,"k":0,"ix":6},"o":{"a":0,"k":100,"ix":7},"sk":{"a":0,"k":0,"ix":4},"sa":{"a":0,"k":0,"ix":5},"nm":"Transform"}],"nm":"Group 1","np":2,"cix":2,"bm":0,"ix":1,"mn":"ADBE Vector Group","hd":false}],"ip":0,"op":1507.82406141493,"st":0,"bm":0},{"ddd":0,"ind":4,"ty":4,"nm":"Right Eyelid Outlines 2","tt":1,"sr":1,"ks":{"o":{"a":0,"k":100,"ix":11},"r":{"a":0,"k":180,"ix":10},"p":{"a":1,"k":[{"i":{"x":0.001,"y":1},"o":{"x":0.333,"y":0},"t":3.663,"s":[540,848.158,0],"to":[-2.291,-15,0],"ti":[2.291,15,0]},{"i":{"x":0.667,"y":0.667},"o":{"x":0.333,"y":0.333},"t":11.573,"s":[526.252,758.158,0],"to":[0,0,0],"ti":[0,0,0]},{"i":{"x":0.013,"y":1},"o":{"x":0.333,"y":0},"t":16.849,"s":[526.252,758.158,0],"to":[2.291,15,0],"ti":[-2.291,-15,0]},{"i":{"x":0.667,"y":0.667},"o":{"x":0.333,"y":0.333},"t":24.76,"s":[540,848.158,0],"to":[0,0,0],"ti":[0,0,0]},{"i":{"x":0.001,"y":1},"o":{"x":0.333,"y":0},"t":54.414,"s":[540,848.158,0],"to":[-2.291,-15,0],"ti":[2.291,15,0]},{"i":{"x":0.667,"y":0.667},"o":{"x":0.333,"y":0.333},"t":62.324,"s":[526.252,758.158,0],"to":[0,0,0],"ti":[0,0,0]},{"i":{"x":0.013,"y":1},"o":{"x":0.333,"y":0},"t":67.599,"s":[526.252,758.158,0],"to":[2.291,15,0],"ti":[-2.291,-15,0]},{"i":{"x":0.833,"y":0.833},"o":{"x":0.167,"y":0.167},"t":75.51,"s":[540,848.158,0],"to":[0,0,0],"ti":[0,0,0]},{"i":{"x":0.001,"y":1},"o":{"x":0.333,"y":0},"t":110.538,"s":[540,848.158,0],"to":[-2.291,-15,0],"ti":[2.291,15,0]},{"i":{"x":0.667,"y":0.667},"o":{"x":0.333,"y":0.333},"t":118.449,"s":[526.252,758.158,0],"to":[0,0,0],"ti":[0,0,0]},{"i":{"x":0.013,"y":1},"o":{"x":0.333,"y":0},"t":123.723,"s":[526.252,758.158,0],"to":[2.291,15,0],"ti":[-2.291,-15,0]},{"i":{"x":0.667,"y":0.667},"o":{"x":0.167,"y":0.167},"t":131.635,"s":[540,848.158,0],"to":[0,0,0],"ti":[0,0,0]},{"i":{"x":0.001,"y":1},"o":{"x":0.333,"y":0},"t":168.155,"s":[540,848.158,0],"to":[-2.291,-15,0],"ti":[2.291,15,0]},{"i":{"x":0.667,"y":0.667},"o":{"x":0.333,"y":0.333},"t":176.066,"s":[526.252,758.158,0],"to":[0,0,0],"ti":[0,0,0]},{"i":{"x":0.013,"y":1},"o":{"x":0.333,"y":0},"t":181.339,"s":[526.252,758.158,0],"to":[2.291,15,0],"ti":[-2.291,-15,0]},{"i":{"x":0.833,"y":0.833},"o":{"x":0.167,"y":0.167},"t":189.252,"s":[540,848.158,0],"to":[0,0,0],"ti":[0,0,0]},{"i":{"x":0.001,"y":1},"o":{"x":0.333,"y":0},"t":224.875,"s":[540,848.158,0],"to":[-2.291,-15,0],"ti":[2.291,15,0]},{"i":{"x":0.667,"y":0.667},"o":{"x":0.333,"y":0.333},"t":232.788,"s":[526.252,758.158,0],"to":[0,0,0],"ti":[0,0,0]},{"i":{"x":0.013,"y":1},"o":{"x":0.333,"y":0},"t":238.061,"s":[526.252,758.158,0],"to":[2.291,15,0],"ti":[-2.291,-15,0]},{"i":{"x":0.667,"y":0.667},"o":{"x":0.333,"y":0.333},"t":245.973,"s":[540,848.158,0],"to":[0,0,0],"ti":[0,0,0]},{"i":{"x":0.001,"y":1},"o":{"x":0.333,"y":0},"t":280.403,"s":[540,848.158,0],"to":[-2.291,-15,0],"ti":[2.291,15,0]},{"i":{"x":0.667,"y":0.667},"o":{"x":0.333,"y":0.333},"t":288.314,"s":[526.252,758.158,0],"to":[0,0,0],"ti":[0,0,0]},{"i":{"x":0.013,"y":1},"o":{"x":0.333,"y":0},"t":293.589,"s":[526.252,758.158,0],"to":[2.291,15,0],"ti":[-2.291,-15,0]},{"i":{"x":0.833,"y":0.833},"o":{"x":0.167,"y":0.167},"t":301.499,"s":[540,848.158,0],"to":[0,0,0],"ti":[0,0,0]},{"i":{"x":0.001,"y":1},"o":{"x":0.333,"y":0},"t":349.663,"s":[540,848.158,0],"to":[-2.291,-15,0],"ti":[2.291,15,0]},{"i":{"x":0.667,"y":0.667},"o":{"x":0.333,"y":0.333},"t":357.573,"s":[526.252,758.158,0],"to":[0,0,0],"ti":[0,0,0]},{"i":{"x":0.013,"y":1},"o":{"x":0.333,"y":0},"t":362.849,"s":[526.252,758.158,0],"to":[2.291,15,0],"ti":[-2.291,-15,0]},{"i":{"x":0.667,"y":0.667},"o":{"x":0.167,"y":0.167},"t":370.759,"s":[540,848.158,0],"to":[0,0,0],"ti":[0,0,0]},{"i":{"x":0.001,"y":1},"o":{"x":0.333,"y":0},"t":407.28,"s":[540,848.158,0],"to":[-2.291,-15,0],"ti":[2.291,15,0]},{"i":{"x":0.667,"y":0.667},"o":{"x":0.333,"y":0.333},"t":415.191,"s":[526.252,758.158,0],"to":[0,0,0],"ti":[0,0,0]},{"i":{"x":0.013,"y":1},"o":{"x":0.333,"y":0},"t":420.466,"s":[526.252,758.158,0],"to":[2.291,15,0],"ti":[-2.291,-15,0]},{"i":{"x":0.833,"y":0.833},"o":{"x":0.167,"y":0.167},"t":428.376,"s":[540,848.158,0],"to":[0,0,0],"ti":[0,0,0]},{"i":{"x":0.001,"y":1},"o":{"x":0.333,"y":0},"t":458.726,"s":[540,848.158,0],"to":[-2.291,-15,0],"ti":[2.291,15,0]},{"i":{"x":0.667,"y":0.667},"o":{"x":0.333,"y":0.333},"t":466.637,"s":[526.252,758.158,0],"to":[0,0,0],"ti":[0,0,0]},{"i":{"x":0.013,"y":1},"o":{"x":0.333,"y":0},"t":471.912,"s":[526.252,758.158,0],"to":[2.291,15,0],"ti":[-2.291,-15,0]},{"i":{"x":0.667,"y":0.667},"o":{"x":0.333,"y":0.333},"t":479.823,"s":[540,848.158,0],"to":[0,0,0],"ti":[0,0,0]},{"i":{"x":0.001,"y":1},"o":{"x":0.333,"y":0},"t":510.074,"s":[540,848.158,0],"to":[-2.291,-15,0],"ti":[2.291,15,0]},{"i":{"x":0.667,"y":0.667},"o":{"x":0.333,"y":0.333},"t":517.984,"s":[526.252,758.158,0],"to":[0,0,0],"ti":[0,0,0]},{"i":{"x":0.013,"y":1},"o":{"x":0.333,"y":0},"t":523.26,"s":[526.252,758.158,0],"to":[2.291,15,0],"ti":[-2.291,-15,0]},{"i":{"x":0.833,"y":0.833},"o":{"x":0.167,"y":0.167},"t":531.17,"s":[540,848.158,0],"to":[0,0,0],"ti":[0,0,0]},{"i":{"x":0.001,"y":1},"o":{"x":0.333,"y":0},"t":579.334,"s":[540,848.158,0],"to":[-2.291,-15,0],"ti":[2.291,15,0]},{"i":{"x":0.667,"y":0.667},"o":{"x":0.333,"y":0.333},"t":587.244,"s":[526.252,758.158,0],"to":[0,0,0],"ti":[0,0,0]},{"i":{"x":0.013,"y":1},"o":{"x":0.333,"y":0},"t":592.519,"s":[526.252,758.158,0],"to":[2.291,15,0],"ti":[-2.291,-15,0]},{"i":{"x":0.667,"y":0.667},"o":{"x":0.167,"y":0.167},"t":600.43,"s":[540,848.158,0],"to":[0,0,0],"ti":[0,0,0]},{"i":{"x":0.001,"y":1},"o":{"x":0.333,"y":0},"t":636.951,"s":[540,848.158,0],"to":[-2.291,-15,0],"ti":[2.291,15,0]},{"i":{"x":0.667,"y":0.667},"o":{"x":0.333,"y":0.333},"t":644.861,"s":[526.252,758.158,0],"to":[0,0,0],"ti":[0,0,0]},{"i":{"x":0.013,"y":1},"o":{"x":0.333,"y":0},"t":650.136,"s":[526.252,758.158,0],"to":[2.291,15,0],"ti":[-2.291,-15,0]},{"i":{"x":0.833,"y":0.833},"o":{"x":0.167,"y":0.167},"t":658.047,"s":[540,848.158,0],"to":[0,0,0],"ti":[0,0,0]},{"i":{"x":0.001,"y":1},"o":{"x":0.333,"y":0},"t":693.672,"s":[540,848.158,0],"to":[-2.291,-15,0],"ti":[2.291,15,0]},{"i":{"x":0.667,"y":0.667},"o":{"x":0.333,"y":0.333},"t":701.583,"s":[526.252,758.158,0],"to":[0,0,0],"ti":[0,0,0]},{"i":{"x":0.013,"y":1},"o":{"x":0.333,"y":0},"t":706.858,"s":[526.252,758.158,0],"to":[2.291,15,0],"ti":[-2.291,-15,0]},{"i":{"x":0.667,"y":0.667},"o":{"x":0.333,"y":0.333},"t":714.768,"s":[540,848.158,0],"to":[0,0,0],"ti":[0,0,0]},{"i":{"x":0.001,"y":1},"o":{"x":0.333,"y":0},"t":767.111,"s":[540,848.158,0],"to":[-2.291,-15,0],"ti":[2.291,15,0]},{"i":{"x":0.667,"y":0.667},"o":{"x":0.333,"y":0.333},"t":775.022,"s":[526.252,758.158,0],"to":[0,0,0],"ti":[0,0,0]},{"i":{"x":0.013,"y":1},"o":{"x":0.333,"y":0},"t":780.297,"s":[526.252,758.158,0],"to":[2.291,15,0],"ti":[-2.291,-15,0]},{"i":{"x":0.833,"y":0.833},"o":{"x":0.167,"y":0.167},"t":788.207,"s":[540,848.158,0],"to":[0,0,0],"ti":[0,0,0]},{"i":{"x":0.001,"y":1},"o":{"x":0.333,"y":0},"t":836.371,"s":[540,848.158,0],"to":[-2.291,-15,0],"ti":[2.291,15,0]},{"i":{"x":0.667,"y":0.667},"o":{"x":0.333,"y":0.333},"t":844.281,"s":[526.252,758.158,0],"to":[0,0,0],"ti":[0,0,0]},{"i":{"x":0.013,"y":1},"o":{"x":0.333,"y":0},"t":849.556,"s":[526.252,758.158,0],"to":[2.291,15,0],"ti":[-2.291,-15,0]},{"i":{"x":0.667,"y":0.667},"o":{"x":0.167,"y":0.167},"t":857.467,"s":[540,848.158,0],"to":[0,0,0],"ti":[0,0,0]},{"i":{"x":0.001,"y":1},"o":{"x":0.333,"y":0},"t":893.987,"s":[540,848.158,0],"to":[-2.291,-15,0],"ti":[2.291,15,0]},{"i":{"x":0.667,"y":0.667},"o":{"x":0.333,"y":0.333},"t":901.898,"s":[526.252,758.158,0],"to":[0,0,0],"ti":[0,0,0]},{"i":{"x":0.013,"y":1},"o":{"x":0.333,"y":0},"t":907.174,"s":[526.252,758.158,0],"to":[2.291,15,0],"ti":[-2.291,-15,0]},{"t":915.084037272135,"s":[540,848.158,0]}],"ix":2},"a":{"a":0,"k":[98.411,143.93,0],"ix":1},"s":{"a":0,"k":[100,100,100],"ix":6}},"ao":0,"shapes":[{"ty":"gr","it":[{"ind":0,"ty":"sh","ix":1,"ks":{"a":0,"k":{"i":[[0,0],[0,0],[0,0],[0,0]],"o":[[0,0],[0,0],[0,0],[0,0]],"v":[[-79.068,143.68],[98.161,128.175],[98.161,-143.68],[-98.161,-143.68]],"c":true},"ix":2},"nm":"Path 1","mn":"ADBE Vector Shape - Group","hd":false},{"ty":"fl","c":{"a":0,"k":[0.286274509804,0.360784313725,0.909803981407,1],"ix":4},"o":{"a":0,"k":100,"ix":5},"r":1,"bm":0,"nm":"Fill 1","mn":"ADBE Vector Graphic - Fill","hd":false},{"ty":"tr","p":{"a":0,"k":[98.411,143.93],"ix":2},"a":{"a":0,"k":[0,0],"ix":1},"s":{"a":0,"k":[100,100],"ix":3},"r":{"a":0,"k":0,"ix":6},"o":{"a":0,"k":100,"ix":7},"sk":{"a":0,"k":0,"ix":4},"sa":{"a":0,"k":0,"ix":5},"nm":"Transform"}],"nm":"Group 1","np":2,"cix":2,"bm":0,"ix":1,"mn":"ADBE Vector Group","hd":false}],"ip":0,"op":1507.82406141493,"st":0,"bm":0},{"ddd":0,"ind":5,"ty":4,"nm":"Head Outlines 4","td":1,"sr":1,"ks":{"o":{"a":0,"k":100,"ix":11},"r":{"a":0,"k":0,"ix":10},"p":{"a":0,"k":[540,540,0],"ix":2},"a":{"a":0,"k":[283.893,283.894,0],"ix":1},"s":{"a":0,"k":[100,100,100],"ix":6}},"ao":0,"shapes":[{"ty":"gr","it":[{"ind":0,"ty":"sh","ix":1,"ks":{"a":0,"k":{"i":[[0,-156.652],[156.652,0],[0,156.652],[-156.652,0]],"o":[[0,156.652],[-156.652,0],[0,-156.652],[156.652,0]],"v":[[283.643,0],[-0.001,283.644],[-283.644,0],[-0.001,-283.644]],"c":true},"ix":2},"nm":"Path 1","mn":"ADBE Vector Shape - Group","hd":false},{"ty":"fl","c":{"a":0,"k":[0.286274509804,0.360784313725,0.909803981407,1],"ix":4},"o":{"a":0,"k":100,"ix":5},"r":1,"bm":0,"nm":"Fill 1","mn":"ADBE Vector Graphic - Fill","hd":false},{"ty":"tr","p":{"a":0,"k":[283.893,283.894],"ix":2},"a":{"a":0,"k":[0,0],"ix":1},"s":{"a":0,"k":[100,100],"ix":3},"r":{"a":0,"k":0,"ix":6},"o":{"a":0,"k":100,"ix":7},"sk":{"a":0,"k":0,"ix":4},"sa":{"a":0,"k":0,"ix":5},"nm":"Transform"}],"nm":"Group 1","np":2,"cix":2,"bm":0,"ix":1,"mn":"ADBE Vector Group","hd":false}],"ip":0,"op":1507.82406141493,"st":0,"bm":0},{"ddd":0,"ind":6,"ty":4,"nm":"Right Eyelid Outlines","tt":1,"sr":1,"ks":{"o":{"a":0,"k":100,"ix":11},"r":{"a":0,"k":0,"ix":10},"p":{"a":1,"k":[{"i":{"x":0.001,"y":1},"o":{"x":0.333,"y":0},"t":3.663,"s":[501.824,229.297,0],"to":[1.046,43.33,0],"ti":[-1.046,-43.33,0]},{"i":{"x":0.667,"y":0.667},"o":{"x":0.333,"y":0.333},"t":11.573,"s":[508.097,489.276,0],"to":[0,0,0],"ti":[0,0,0]},{"i":{"x":0.013,"y":1},"o":{"x":0.333,"y":0},"t":16.849,"s":[508.097,489.276,0],"to":[-1.046,-43.33,0],"ti":[1.046,43.33,0]},{"i":{"x":0.667,"y":0.667},"o":{"x":0.333,"y":0.333},"t":24.76,"s":[501.824,229.297,0],"to":[0,0,0],"ti":[0,0,0]},{"i":{"x":0.001,"y":1},"o":{"x":0.333,"y":0},"t":54.414,"s":[501.824,229.297,0],"to":[1.046,43.33,0],"ti":[-1.046,-43.33,0]},{"i":{"x":0.667,"y":0.667},"o":{"x":0.333,"y":0.333},"t":62.324,"s":[508.097,489.276,0],"to":[0,0,0],"ti":[0,0,0]},{"i":{"x":0.013,"y":1},"o":{"x":0.333,"y":0},"t":67.599,"s":[508.097,489.276,0],"to":[-1.046,-43.33,0],"ti":[1.046,43.33,0]},{"i":{"x":0.833,"y":0.833},"o":{"x":0.167,"y":0.167},"t":75.51,"s":[501.824,229.297,0],"to":[0,0,0],"ti":[0,0,0]},{"i":{"x":0.001,"y":1},"o":{"x":0.333,"y":0},"t":110.538,"s":[501.824,229.297,0],"to":[1.046,43.33,0],"ti":[-1.046,-43.33,0]},{"i":{"x":0.667,"y":0.667},"o":{"x":0.333,"y":0.333},"t":118.449,"s":[508.097,489.276,0],"to":[0,0,0],"ti":[0,0,0]},{"i":{"x":0.013,"y":1},"o":{"x":0.333,"y":0},"t":123.723,"s":[508.097,489.276,0],"to":[-1.046,-43.33,0],"ti":[1.046,43.33,0]},{"i":{"x":0.667,"y":0.667},"o":{"x":0.167,"y":0.167},"t":131.635,"s":[501.824,229.297,0],"to":[0,0,0],"ti":[0,0,0]},{"i":{"x":0.001,"y":1},"o":{"x":0.333,"y":0},"t":168.155,"s":[501.824,229.297,0],"to":[1.046,43.33,0],"ti":[-1.046,-43.33,0]},{"i":{"x":0.667,"y":0.667},"o":{"x":0.333,"y":0.333},"t":176.066,"s":[508.097,489.276,0],"to":[0,0,0],"ti":[0,0,0]},{"i":{"x":0.013,"y":1},"o":{"x":0.333,"y":0},"t":181.339,"s":[508.097,489.276,0],"to":[-1.046,-43.33,0],"ti":[1.046,43.33,0]},{"i":{"x":0.833,"y":0.833},"o":{"x":0.167,"y":0.167},"t":189.252,"s":[501.824,229.297,0],"to":[0,0,0],"ti":[0,0,0]},{"i":{"x":0.001,"y":1},"o":{"x":0.333,"y":0},"t":224.875,"s":[501.824,229.297,0],"to":[1.046,43.33,0],"ti":[-1.046,-43.33,0]},{"i":{"x":0.667,"y":0.667},"o":{"x":0.333,"y":0.333},"t":232.788,"s":[508.097,489.276,0],"to":[0,0,0],"ti":[0,0,0]},{"i":{"x":0.013,"y":1},"o":{"x":0.333,"y":0},"t":238.061,"s":[508.097,489.276,0],"to":[-1.046,-43.33,0],"ti":[1.046,43.33,0]},{"i":{"x":0.667,"y":0.667},"o":{"x":0.333,"y":0.333},"t":245.973,"s":[501.824,229.297,0],"to":[0,0,0],"ti":[0,0,0]},{"i":{"x":0.001,"y":1},"o":{"x":0.333,"y":0},"t":280.403,"s":[501.824,229.297,0],"to":[1.046,43.33,0],"ti":[-1.046,-43.33,0]},{"i":{"x":0.667,"y":0.667},"o":{"x":0.333,"y":0.333},"t":288.314,"s":[508.097,489.276,0],"to":[0,0,0],"ti":[0,0,0]},{"i":{"x":0.013,"y":1},"o":{"x":0.333,"y":0},"t":293.589,"s":[508.097,489.276,0],"to":[-1.046,-43.33,0],"ti":[1.046,43.33,0]},{"i":{"x":0.833,"y":0.833},"o":{"x":0.167,"y":0.167},"t":301.499,"s":[501.824,229.297,0],"to":[0,0,0],"ti":[0,0,0]},{"i":{"x":0.001,"y":1},"o":{"x":0.333,"y":0},"t":349.663,"s":[501.824,229.297,0],"to":[1.046,43.33,0],"ti":[-1.046,-43.33,0]},{"i":{"x":0.667,"y":0.667},"o":{"x":0.333,"y":0.333},"t":357.573,"s":[508.097,489.276,0],"to":[0,0,0],"ti":[0,0,0]},{"i":{"x":0.013,"y":1},"o":{"x":0.333,"y":0},"t":362.849,"s":[508.097,489.276,0],"to":[-1.046,-43.33,0],"ti":[1.046,43.33,0]},{"i":{"x":0.667,"y":0.667},"o":{"x":0.167,"y":0.167},"t":370.759,"s":[501.824,229.297,0],"to":[0,0,0],"ti":[0,0,0]},{"i":{"x":0.001,"y":1},"o":{"x":0.333,"y":0},"t":407.28,"s":[501.824,229.297,0],"to":[1.046,43.33,0],"ti":[-1.046,-43.33,0]},{"i":{"x":0.667,"y":0.667},"o":{"x":0.333,"y":0.333},"t":415.191,"s":[508.097,489.276,0],"to":[0,0,0],"ti":[0,0,0]},{"i":{"x":0.013,"y":1},"o":{"x":0.333,"y":0},"t":420.466,"s":[508.097,489.276,0],"to":[-1.046,-43.33,0],"ti":[1.046,43.33,0]},{"i":{"x":0.833,"y":0.833},"o":{"x":0.167,"y":0.167},"t":428.376,"s":[501.824,229.297,0],"to":[0,0,0],"ti":[0,0,0]},{"i":{"x":0.001,"y":1},"o":{"x":0.333,"y":0},"t":458.726,"s":[501.824,229.297,0],"to":[1.046,43.33,0],"ti":[-1.046,-43.33,0]},{"i":{"x":0.667,"y":0.667},"o":{"x":0.333,"y":0.333},"t":466.637,"s":[508.097,489.276,0],"to":[0,0,0],"ti":[0,0,0]},{"i":{"x":0.013,"y":1},"o":{"x":0.333,"y":0},"t":471.912,"s":[508.097,489.276,0],"to":[-1.046,-43.33,0],"ti":[1.046,43.33,0]},{"i":{"x":0.667,"y":0.667},"o":{"x":0.333,"y":0.333},"t":479.823,"s":[501.824,229.297,0],"to":[0,0,0],"ti":[0,0,0]},{"i":{"x":0.001,"y":1},"o":{"x":0.333,"y":0},"t":510.074,"s":[501.824,229.297,0],"to":[1.046,43.33,0],"ti":[-1.046,-43.33,0]},{"i":{"x":0.667,"y":0.667},"o":{"x":0.333,"y":0.333},"t":517.984,"s":[508.097,489.276,0],"to":[0,0,0],"ti":[0,0,0]},{"i":{"x":0.013,"y":1},"o":{"x":0.333,"y":0},"t":523.26,"s":[508.097,489.276,0],"to":[-1.046,-43.33,0],"ti":[1.046,43.33,0]},{"i":{"x":0.833,"y":0.833},"o":{"x":0.167,"y":0.167},"t":531.17,"s":[501.824,229.297,0],"to":[0,0,0],"ti":[0,0,0]},{"i":{"x":0.001,"y":1},"o":{"x":0.333,"y":0},"t":579.334,"s":[501.824,229.297,0],"to":[1.046,43.33,0],"ti":[-1.046,-43.33,0]},{"i":{"x":0.667,"y":0.667},"o":{"x":0.333,"y":0.333},"t":587.244,"s":[508.097,489.276,0],"to":[0,0,0],"ti":[0,0,0]},{"i":{"x":0.013,"y":1},"o":{"x":0.333,"y":0},"t":592.519,"s":[508.097,489.276,0],"to":[-1.046,-43.33,0],"ti":[1.046,43.33,0]},{"i":{"x":0.667,"y":0.667},"o":{"x":0.167,"y":0.167},"t":600.43,"s":[501.824,229.297,0],"to":[0,0,0],"ti":[0,0,0]},{"i":{"x":0.001,"y":1},"o":{"x":0.333,"y":0},"t":636.951,"s":[501.824,229.297,0],"to":[1.046,43.33,0],"ti":[-1.046,-43.33,0]},{"i":{"x":0.667,"y":0.667},"o":{"x":0.333,"y":0.333},"t":644.861,"s":[508.097,489.276,0],"to":[0,0,0],"ti":[0,0,0]},{"i":{"x":0.013,"y":1},"o":{"x":0.333,"y":0},"t":650.136,"s":[508.097,489.276,0],"to":[-1.046,-43.33,0],"ti":[1.046,43.33,0]},{"i":{"x":0.833,"y":0.833},"o":{"x":0.167,"y":0.167},"t":658.047,"s":[501.824,229.297,0],"to":[0,0,0],"ti":[0,0,0]},{"i":{"x":0.001,"y":1},"o":{"x":0.333,"y":0},"t":693.672,"s":[501.824,229.297,0],"to":[1.046,43.33,0],"ti":[-1.046,-43.33,0]},{"i":{"x":0.667,"y":0.667},"o":{"x":0.333,"y":0.333},"t":701.583,"s":[508.097,489.276,0],"to":[0,0,0],"ti":[0,0,0]},{"i":{"x":0.013,"y":1},"o":{"x":0.333,"y":0},"t":706.858,"s":[508.097,489.276,0],"to":[-1.046,-43.33,0],"ti":[1.046,43.33,0]},{"i":{"x":0.667,"y":0.667},"o":{"x":0.333,"y":0.333},"t":714.768,"s":[501.824,229.297,0],"to":[0,0,0],"ti":[0,0,0]},{"i":{"x":0.001,"y":1},"o":{"x":0.333,"y":0},"t":767.111,"s":[501.824,229.297,0],"to":[1.046,43.33,0],"ti":[-1.046,-43.33,0]},{"i":{"x":0.667,"y":0.667},"o":{"x":0.333,"y":0.333},"t":775.022,"s":[508.097,489.276,0],"to":[0,0,0],"ti":[0,0,0]},{"i":{"x":0.013,"y":1},"o":{"x":0.333,"y":0},"t":780.297,"s":[508.097,489.276,0],"to":[-1.046,-43.33,0],"ti":[1.046,43.33,0]},{"i":{"x":0.833,"y":0.833},"o":{"x":0.167,"y":0.167},"t":788.207,"s":[501.824,229.297,0],"to":[0,0,0],"ti":[0,0,0]},{"i":{"x":0.001,"y":1},"o":{"x":0.333,"y":0},"t":836.371,"s":[501.824,229.297,0],"to":[1.046,43.33,0],"ti":[-1.046,-43.33,0]},{"i":{"x":0.667,"y":0.667},"o":{"x":0.333,"y":0.333},"t":844.281,"s":[508.097,489.276,0],"to":[0,0,0],"ti":[0,0,0]},{"i":{"x":0.013,"y":1},"o":{"x":0.333,"y":0},"t":849.556,"s":[508.097,489.276,0],"to":[-1.046,-43.33,0],"ti":[1.046,43.33,0]},{"i":{"x":0.667,"y":0.667},"o":{"x":0.167,"y":0.167},"t":857.467,"s":[501.824,229.297,0],"to":[0,0,0],"ti":[0,0,0]},{"i":{"x":0.001,"y":1},"o":{"x":0.333,"y":0},"t":893.987,"s":[501.824,229.297,0],"to":[1.046,43.33,0],"ti":[-1.046,-43.33,0]},{"i":{"x":0.667,"y":0.667},"o":{"x":0.333,"y":0.333},"t":901.898,"s":[508.097,489.276,0],"to":[0,0,0],"ti":[0,0,0]},{"i":{"x":0.013,"y":1},"o":{"x":0.333,"y":0},"t":907.174,"s":[508.097,489.276,0],"to":[-1.046,-43.33,0],"ti":[1.046,43.33,0]},{"t":915.084037272135,"s":[501.824,229.297,0]}],"ix":2},"a":{"a":0,"k":[98.411,143.93,0],"ix":1},"s":{"a":0,"k":[100,100,100],"ix":6}},"ao":0,"shapes":[{"ty":"gr","it":[{"ind":0,"ty":"sh","ix":1,"ks":{"a":0,"k":{"i":[[0,0],[0,0],[0,0],[0,0]],"o":[[0,0],[0,0],[0,0],[0,0]],"v":[[-79.068,143.68],[98.161,128.175],[98.161,-143.68],[-98.161,-143.68]],"c":true},"ix":2},"nm":"Path 1","mn":"ADBE Vector Shape - Group","hd":false},{"ty":"fl","c":{"a":0,"k":[0.286274509804,0.360784313725,0.909803981407,1],"ix":4},"o":{"a":0,"k":100,"ix":5},"r":1,"bm":0,"nm":"Fill 1","mn":"ADBE Vector Graphic - Fill","hd":false},{"ty":"tr","p":{"a":0,"k":[98.411,143.93],"ix":2},"a":{"a":0,"k":[0,0],"ix":1},"s":{"a":0,"k":[100,100],"ix":3},"r":{"a":0,"k":0,"ix":6},"o":{"a":0,"k":100,"ix":7},"sk":{"a":0,"k":0,"ix":4},"sa":{"a":0,"k":0,"ix":5},"nm":"Transform"}],"nm":"Group 1","np":2,"cix":2,"bm":0,"ix":1,"mn":"ADBE Vector Group","hd":false}],"ip":0,"op":1507.82406141493,"st":0,"bm":0},{"ddd":0,"ind":7,"ty":4,"nm":"Head Outlines 5","td":1,"sr":1,"ks":{"o":{"a":0,"k":100,"ix":11},"r":{"a":0,"k":0,"ix":10},"p":{"a":0,"k":[540,540,0],"ix":2},"a":{"a":0,"k":[283.893,283.894,0],"ix":1},"s":{"a":0,"k":[100,100,100],"ix":6}},"ao":0,"shapes":[{"ty":"gr","it":[{"ind":0,"ty":"sh","ix":1,"ks":{"a":0,"k":{"i":[[0,-156.652],[156.652,0],[0,156.652],[-156.652,0]],"o":[[0,156.652],[-156.652,0],[0,-156.652],[156.652,0]],"v":[[283.643,0],[-0.001,283.644],[-283.644,0],[-0.001,-283.644]],"c":true},"ix":2},"nm":"Path 1","mn":"ADBE Vector Shape - Group","hd":false},{"ty":"fl","c":{"a":0,"k":[0.286274509804,0.360784313725,0.909803981407,1],"ix":4},"o":{"a":0,"k":100,"ix":5},"r":1,"bm":0,"nm":"Fill 1","mn":"ADBE Vector Graphic - Fill","hd":false},{"ty":"tr","p":{"a":0,"k":[283.893,283.894],"ix":2},"a":{"a":0,"k":[0,0],"ix":1},"s":{"a":0,"k":[100,100],"ix":3},"r":{"a":0,"k":0,"ix":6},"o":{"a":0,"k":100,"ix":7},"sk":{"a":0,"k":0,"ix":4},"sa":{"a":0,"k":0,"ix":5},"nm":"Transform"}],"nm":"Group 1","np":2,"cix":2,"bm":0,"ix":1,"mn":"ADBE Vector Group","hd":false}],"ip":0,"op":1507.82406141493,"st":0,"bm":0},{"ddd":0,"ind":8,"ty":4,"nm":"Left Eyelid Outlines","tt":1,"sr":1,"ks":{"o":{"a":0,"k":100,"ix":11},"r":{"a":0,"k":0,"ix":10},"p":{"a":1,"k":[{"i":{"x":0.001,"y":1},"o":{"x":0.333,"y":0},"t":3.663,"s":[334.589,300.246,0],"to":[1.819,36.497,0],"ti":[-1.819,-36.497,0]},{"i":{"x":0.667,"y":0.667},"o":{"x":0.333,"y":0.333},"t":11.573,"s":[345.502,519.225,0],"to":[0,0,0],"ti":[0,0,0]},{"i":{"x":0.013,"y":1},"o":{"x":0.333,"y":0},"t":16.849,"s":[345.502,519.225,0],"to":[-1.819,-36.497,0],"ti":[1.819,36.497,0]},{"i":{"x":0.667,"y":0.667},"o":{"x":0.333,"y":0.333},"t":24.76,"s":[334.589,300.246,0],"to":[0,0,0],"ti":[0,0,0]},{"i":{"x":0.001,"y":1},"o":{"x":0.333,"y":0},"t":54.414,"s":[334.589,300.246,0],"to":[1.819,36.497,0],"ti":[-1.819,-36.497,0]},{"i":{"x":0.667,"y":0.667},"o":{"x":0.333,"y":0.333},"t":62.324,"s":[345.502,519.225,0],"to":[0,0,0],"ti":[0,0,0]},{"i":{"x":0.013,"y":1},"o":{"x":0.333,"y":0},"t":67.599,"s":[345.502,519.225,0],"to":[-1.819,-36.497,0],"ti":[1.819,36.497,0]},{"i":{"x":0.833,"y":0.833},"o":{"x":0.167,"y":0.167},"t":75.51,"s":[334.589,300.246,0],"to":[0,0,0],"ti":[0,0,0]},{"i":{"x":0.001,"y":1},"o":{"x":0.333,"y":0},"t":110.538,"s":[334.589,300.246,0],"to":[1.819,36.497,0],"ti":[-1.819,-36.497,0]},{"i":{"x":0.667,"y":0.667},"o":{"x":0.333,"y":0.333},"t":118.449,"s":[345.502,519.225,0],"to":[0,0,0],"ti":[0,0,0]},{"i":{"x":0.013,"y":1},"o":{"x":0.333,"y":0},"t":123.723,"s":[345.502,519.225,0],"to":[-1.819,-36.497,0],"ti":[1.819,36.497,0]},{"i":{"x":0.667,"y":0.667},"o":{"x":0.167,"y":0.167},"t":131.635,"s":[334.589,300.246,0],"to":[0,0,0],"ti":[0,0,0]},{"i":{"x":0.001,"y":1},"o":{"x":0.333,"y":0},"t":168.155,"s":[334.589,300.246,0],"to":[1.819,36.497,0],"ti":[-1.819,-36.497,0]},{"i":{"x":0.667,"y":0.667},"o":{"x":0.333,"y":0.333},"t":176.066,"s":[345.502,519.225,0],"to":[0,0,0],"ti":[0,0,0]},{"i":{"x":0.013,"y":1},"o":{"x":0.333,"y":0},"t":181.339,"s":[345.502,519.225,0],"to":[-1.819,-36.497,0],"ti":[1.819,36.497,0]},{"i":{"x":0.833,"y":0.833},"o":{"x":0.167,"y":0.167},"t":189.252,"s":[334.589,300.246,0],"to":[0,0,0],"ti":[0,0,0]},{"i":{"x":0.001,"y":1},"o":{"x":0.333,"y":0},"t":224.875,"s":[334.589,300.246,0],"to":[1.819,36.497,0],"ti":[-1.819,-36.497,0]},{"i":{"x":0.667,"y":0.667},"o":{"x":0.333,"y":0.333},"t":232.788,"s":[345.502,519.225,0],"to":[0,0,0],"ti":[0,0,0]},{"i":{"x":0.013,"y":1},"o":{"x":0.333,"y":0},"t":238.061,"s":[345.502,519.225,0],"to":[-1.819,-36.497,0],"ti":[1.819,36.497,0]},{"i":{"x":0.667,"y":0.667},"o":{"x":0.333,"y":0.333},"t":245.973,"s":[334.589,300.246,0],"to":[0,0,0],"ti":[0,0,0]},{"i":{"x":0.001,"y":1},"o":{"x":0.333,"y":0},"t":280.403,"s":[334.589,300.246,0],"to":[1.819,36.497,0],"ti":[-1.819,-36.497,0]},{"i":{"x":0.667,"y":0.667},"o":{"x":0.333,"y":0.333},"t":288.314,"s":[345.502,519.225,0],"to":[0,0,0],"ti":[0,0,0]},{"i":{"x":0.013,"y":1},"o":{"x":0.333,"y":0},"t":293.589,"s":[345.502,519.225,0],"to":[-1.819,-36.497,0],"ti":[1.819,36.497,0]},{"i":{"x":0.833,"y":0.833},"o":{"x":0.167,"y":0.167},"t":301.499,"s":[334.589,300.246,0],"to":[0,0,0],"ti":[0,0,0]},{"i":{"x":0.001,"y":1},"o":{"x":0.333,"y":0},"t":349.663,"s":[334.589,300.246,0],"to":[1.819,36.497,0],"ti":[-1.819,-36.497,0]},{"i":{"x":0.667,"y":0.667},"o":{"x":0.333,"y":0.333},"t":357.573,"s":[345.502,519.225,0],"to":[0,0,0],"ti":[0,0,0]},{"i":{"x":0.013,"y":1},"o":{"x":0.333,"y":0},"t":362.849,"s":[345.502,519.225,0],"to":[-1.819,-36.497,0],"ti":[1.819,36.497,0]},{"i":{"x":0.667,"y":0.667},"o":{"x":0.167,"y":0.167},"t":370.759,"s":[334.589,300.246,0],"to":[0,0,0],"ti":[0,0,0]},{"i":{"x":0.001,"y":1},"o":{"x":0.333,"y":0},"t":407.28,"s":[334.589,300.246,0],"to":[1.819,36.497,0],"ti":[-1.819,-36.497,0]},{"i":{"x":0.667,"y":0.667},"o":{"x":0.333,"y":0.333},"t":415.191,"s":[345.502,519.225,0],"to":[0,0,0],"ti":[0,0,0]},{"i":{"x":0.013,"y":1},"o":{"x":0.333,"y":0},"t":420.466,"s":[345.502,519.225,0],"to":[-1.819,-36.497,0],"ti":[1.819,36.497,0]},{"i":{"x":0.833,"y":0.833},"o":{"x":0.167,"y":0.167},"t":428.376,"s":[334.589,300.246,0],"to":[0,0,0],"ti":[0,0,0]},{"i":{"x":0.001,"y":1},"o":{"x":0.333,"y":0},"t":458.726,"s":[334.589,300.246,0],"to":[1.819,36.497,0],"ti":[-1.819,-36.497,0]},{"i":{"x":0.667,"y":0.667},"o":{"x":0.333,"y":0.333},"t":466.637,"s":[345.502,519.225,0],"to":[0,0,0],"ti":[0,0,0]},{"i":{"x":0.013,"y":1},"o":{"x":0.333,"y":0},"t":471.912,"s":[345.502,519.225,0],"to":[-1.819,-36.497,0],"ti":[1.819,36.497,0]},{"i":{"x":0.667,"y":0.667},"o":{"x":0.333,"y":0.333},"t":479.823,"s":[334.589,300.246,0],"to":[0,0,0],"ti":[0,0,0]},{"i":{"x":0.001,"y":1},"o":{"x":0.333,"y":0},"t":510.074,"s":[334.589,300.246,0],"to":[1.819,36.497,0],"ti":[-1.819,-36.497,0]},{"i":{"x":0.667,"y":0.667},"o":{"x":0.333,"y":0.333},"t":517.984,"s":[345.502,519.225,0],"to":[0,0,0],"ti":[0,0,0]},{"i":{"x":0.013,"y":1},"o":{"x":0.333,"y":0},"t":523.26,"s":[345.502,519.225,0],"to":[-1.819,-36.497,0],"ti":[1.819,36.497,0]},{"i":{"x":0.833,"y":0.833},"o":{"x":0.167,"y":0.167},"t":531.17,"s":[334.589,300.246,0],"to":[0,0,0],"ti":[0,0,0]},{"i":{"x":0.001,"y":1},"o":{"x":0.333,"y":0},"t":579.334,"s":[334.589,300.246,0],"to":[1.819,36.497,0],"ti":[-1.819,-36.497,0]},{"i":{"x":0.667,"y":0.667},"o":{"x":0.333,"y":0.333},"t":587.244,"s":[345.502,519.225,0],"to":[0,0,0],"ti":[0,0,0]},{"i":{"x":0.013,"y":1},"o":{"x":0.333,"y":0},"t":592.519,"s":[345.502,519.225,0],"to":[-1.819,-36.497,0],"ti":[1.819,36.497,0]},{"i":{"x":0.667,"y":0.667},"o":{"x":0.167,"y":0.167},"t":600.43,"s":[334.589,300.246,0],"to":[0,0,0],"ti":[0,0,0]},{"i":{"x":0.001,"y":1},"o":{"x":0.333,"y":0},"t":636.951,"s":[334.589,300.246,0],"to":[1.819,36.497,0],"ti":[-1.819,-36.497,0]},{"i":{"x":0.667,"y":0.667},"o":{"x":0.333,"y":0.333},"t":644.861,"s":[345.502,519.225,0],"to":[0,0,0],"ti":[0,0,0]},{"i":{"x":0.013,"y":1},"o":{"x":0.333,"y":0},"t":650.136,"s":[345.502,519.225,0],"to":[-1.819,-36.497,0],"ti":[1.819,36.497,0]},{"i":{"x":0.833,"y":0.833},"o":{"x":0.167,"y":0.167},"t":658.047,"s":[334.589,300.246,0],"to":[0,0,0],"ti":[0,0,0]},{"i":{"x":0.001,"y":1},"o":{"x":0.333,"y":0},"t":693.672,"s":[334.589,300.246,0],"to":[1.819,36.497,0],"ti":[-1.819,-36.497,0]},{"i":{"x":0.667,"y":0.667},"o":{"x":0.333,"y":0.333},"t":701.583,"s":[345.502,519.225,0],"to":[0,0,0],"ti":[0,0,0]},{"i":{"x":0.013,"y":1},"o":{"x":0.333,"y":0},"t":706.858,"s":[345.502,519.225,0],"to":[-1.819,-36.497,0],"ti":[1.819,36.497,0]},{"i":{"x":0.667,"y":0.667},"o":{"x":0.333,"y":0.333},"t":714.768,"s":[334.589,300.246,0],"to":[0,0,0],"ti":[0,0,0]},{"i":{"x":0.001,"y":1},"o":{"x":0.333,"y":0},"t":767.111,"s":[334.589,300.246,0],"to":[1.819,36.497,0],"ti":[-1.819,-36.497,0]},{"i":{"x":0.667,"y":0.667},"o":{"x":0.333,"y":0.333},"t":775.022,"s":[345.502,519.225,0],"to":[0,0,0],"ti":[0,0,0]},{"i":{"x":0.013,"y":1},"o":{"x":0.333,"y":0},"t":780.297,"s":[345.502,519.225,0],"to":[-1.819,-36.497,0],"ti":[1.819,36.497,0]},{"i":{"x":0.833,"y":0.833},"o":{"x":0.167,"y":0.167},"t":788.207,"s":[334.589,300.246,0],"to":[0,0,0],"ti":[0,0,0]},{"i":{"x":0.001,"y":1},"o":{"x":0.333,"y":0},"t":836.371,"s":[334.589,300.246,0],"to":[1.819,36.497,0],"ti":[-1.819,-36.497,0]},{"i":{"x":0.667,"y":0.667},"o":{"x":0.333,"y":0.333},"t":844.281,"s":[345.502,519.225,0],"to":[0,0,0],"ti":[0,0,0]},{"i":{"x":0.013,"y":1},"o":{"x":0.333,"y":0},"t":849.556,"s":[345.502,519.225,0],"to":[-1.819,-36.497,0],"ti":[1.819,36.497,0]},{"i":{"x":0.667,"y":0.667},"o":{"x":0.167,"y":0.167},"t":857.467,"s":[334.589,300.246,0],"to":[0,0,0],"ti":[0,0,0]},{"i":{"x":0.001,"y":1},"o":{"x":0.333,"y":0},"t":893.987,"s":[334.589,300.246,0],"to":[1.819,36.497,0],"ti":[-1.819,-36.497,0]},{"i":{"x":0.667,"y":0.667},"o":{"x":0.333,"y":0.333},"t":901.898,"s":[345.502,519.225,0],"to":[0,0,0],"ti":[0,0,0]},{"i":{"x":0.013,"y":1},"o":{"x":0.333,"y":0},"t":907.174,"s":[345.502,519.225,0],"to":[-1.819,-36.497,0],"ti":[1.819,36.497,0]},{"t":915.084037272135,"s":[334.589,300.246,0]}],"ix":2},"a":{"a":0,"k":[70.624,140.152,0],"ix":1},"s":{"a":0,"k":[100,100,100],"ix":6}},"ao":0,"shapes":[{"ty":"gr","it":[{"ind":0,"ty":"sh","ix":1,"ks":{"a":0,"k":{"i":[[0,0],[0,0],[0,0],[0,0]],"o":[[0,0],[0,0],[0,0],[0,0]],"v":[[-57.608,139.902],[70.374,114.874],[52.339,-139.903],[-70.374,-67.416]],"c":true},"ix":2},"nm":"Path 1","mn":"ADBE Vector Shape - Group","hd":false},{"ty":"fl","c":{"a":0,"k":[0.286274509804,0.360784313725,0.909803981407,1],"ix":4},"o":{"a":0,"k":100,"ix":5},"r":1,"bm":0,"nm":"Fill 1","mn":"ADBE Vector Graphic - Fill","hd":false},{"ty":"tr","p":{"a":0,"k":[70.624,140.152],"ix":2},"a":{"a":0,"k":[0,0],"ix":1},"s":{"a":0,"k":[100,100],"ix":3},"r":{"a":0,"k":0,"ix":6},"o":{"a":0,"k":100,"ix":7},"sk":{"a":0,"k":0,"ix":4},"sa":{"a":0,"k":0,"ix":5},"nm":"Transform"}],"nm":"Group 1","np":2,"cix":2,"bm":0,"ix":1,"mn":"ADBE Vector Group","hd":false}],"ip":0,"op":1507.82406141493,"st":0,"bm":0},{"ddd":0,"ind":9,"ty":4,"nm":"Eyes to Right Outlines","sr":1,"ks":{"o":{"a":0,"k":100,"ix":11},"r":{"a":0,"k":0,"ix":10},"p":{"a":1,"k":[{"i":{"x":0.001,"y":1},"o":{"x":0.333,"y":0},"t":3.663,"s":[457.791,546.806,0],"to":[0,1.667,0],"ti":[0,-1.667,0]},{"i":{"x":0.667,"y":0.667},"o":{"x":0.333,"y":0.333},"t":11.573,"s":[457.791,556.806,0],"to":[0,0,0],"ti":[0,0,0]},{"i":{"x":0.013,"y":1},"o":{"x":0.333,"y":0},"t":16.849,"s":[457.791,556.806,0],"to":[0,-1.667,0],"ti":[0,1.667,0]},{"i":{"x":0.667,"y":0.667},"o":{"x":0.333,"y":0.333},"t":24.76,"s":[457.791,546.806,0],"to":[0,0,0],"ti":[0,0,0]},{"i":{"x":0.001,"y":1},"o":{"x":0.333,"y":0},"t":54.414,"s":[457.791,546.806,0],"to":[0,1.667,0],"ti":[0,-1.667,0]},{"i":{"x":0.667,"y":0.667},"o":{"x":0.333,"y":0.333},"t":62.324,"s":[457.791,556.806,0],"to":[0,0,0],"ti":[0,0,0]},{"i":{"x":0.013,"y":1},"o":{"x":0.333,"y":0},"t":67.599,"s":[457.791,556.806,0],"to":[0,-1.667,0],"ti":[0,1.667,0]},{"i":{"x":0.833,"y":0.833},"o":{"x":0.167,"y":0.167},"t":75.51,"s":[457.791,546.806,0],"to":[0,0,0],"ti":[0,0,0]},{"i":{"x":0.001,"y":1},"o":{"x":0.333,"y":0},"t":110.538,"s":[457.791,546.806,0],"to":[0,1.667,0],"ti":[0,-1.667,0]},{"i":{"x":0.667,"y":0.667},"o":{"x":0.333,"y":0.333},"t":118.449,"s":[457.791,556.806,0],"to":[0,0,0],"ti":[0,0,0]},{"i":{"x":0.013,"y":1},"o":{"x":0.333,"y":0},"t":123.723,"s":[457.791,556.806,0],"to":[0,-1.667,0],"ti":[0,1.667,0]},{"i":{"x":0.667,"y":0.667},"o":{"x":0.167,"y":0.167},"t":131.635,"s":[457.791,546.806,0],"to":[0,0,0],"ti":[0,0,0]},{"i":{"x":0.001,"y":1},"o":{"x":0.333,"y":0},"t":168.155,"s":[457.791,546.806,0],"to":[0,1.667,0],"ti":[0,-1.667,0]},{"i":{"x":0.667,"y":0.667},"o":{"x":0.333,"y":0.333},"t":176.066,"s":[457.791,556.806,0],"to":[0,0,0],"ti":[0,0,0]},{"i":{"x":0.013,"y":1},"o":{"x":0.333,"y":0},"t":181.339,"s":[457.791,556.806,0],"to":[0,-1.667,0],"ti":[0,1.667,0]},{"i":{"x":0.833,"y":0.833},"o":{"x":0.167,"y":0.167},"t":189.252,"s":[457.791,546.806,0],"to":[0,0,0],"ti":[0,0,0]},{"i":{"x":0.001,"y":1},"o":{"x":0.333,"y":0},"t":224.875,"s":[457.791,546.806,0],"to":[0,1.667,0],"ti":[0,-1.667,0]},{"i":{"x":0.667,"y":0.667},"o":{"x":0.333,"y":0.333},"t":232.788,"s":[457.791,556.806,0],"to":[0,0,0],"ti":[0,0,0]},{"i":{"x":0.013,"y":1},"o":{"x":0.333,"y":0},"t":238.061,"s":[457.791,556.806,0],"to":[0,-1.667,0],"ti":[0,1.667,0]},{"i":{"x":0.667,"y":0.667},"o":{"x":0.333,"y":0.333},"t":245.973,"s":[457.791,546.806,0],"to":[0,0,0],"ti":[0,0,0]},{"i":{"x":0.001,"y":1},"o":{"x":0.333,"y":0},"t":280.403,"s":[457.791,546.806,0],"to":[0,1.667,0],"ti":[0,-1.667,0]},{"i":{"x":0.667,"y":0.667},"o":{"x":0.333,"y":0.333},"t":288.314,"s":[457.791,556.806,0],"to":[0,0,0],"ti":[0,0,0]},{"i":{"x":0.013,"y":1},"o":{"x":0.333,"y":0},"t":293.589,"s":[457.791,556.806,0],"to":[0,-1.667,0],"ti":[0,1.667,0]},{"i":{"x":0.833,"y":0.833},"o":{"x":0.167,"y":0.167},"t":301.499,"s":[457.791,546.806,0],"to":[0,0,0],"ti":[0,0,0]},{"i":{"x":0.001,"y":1},"o":{"x":0.333,"y":0},"t":349.663,"s":[457.791,546.806,0],"to":[0,1.667,0],"ti":[0,-1.667,0]},{"i":{"x":0.667,"y":0.667},"o":{"x":0.333,"y":0.333},"t":357.573,"s":[457.791,556.806,0],"to":[0,0,0],"ti":[0,0,0]},{"i":{"x":0.013,"y":1},"o":{"x":0.333,"y":0},"t":362.849,"s":[457.791,556.806,0],"to":[0,-1.667,0],"ti":[0,1.667,0]},{"i":{"x":0.667,"y":0.667},"o":{"x":0.167,"y":0.167},"t":370.759,"s":[457.791,546.806,0],"to":[0,0,0],"ti":[0,0,0]},{"i":{"x":0.001,"y":1},"o":{"x":0.333,"y":0},"t":407.28,"s":[457.791,546.806,0],"to":[0,1.667,0],"ti":[0,-1.667,0]},{"i":{"x":0.667,"y":0.667},"o":{"x":0.333,"y":0.333},"t":415.191,"s":[457.791,556.806,0],"to":[0,0,0],"ti":[0,0,0]},{"i":{"x":0.013,"y":1},"o":{"x":0.333,"y":0},"t":420.466,"s":[457.791,556.806,0],"to":[0,-1.667,0],"ti":[0,1.667,0]},{"i":{"x":0.833,"y":0.833},"o":{"x":0.167,"y":0.167},"t":428.376,"s":[457.791,546.806,0],"to":[0,0,0],"ti":[0,0,0]},{"i":{"x":0.001,"y":1},"o":{"x":0.333,"y":0},"t":458.726,"s":[457.791,546.806,0],"to":[0,1.667,0],"ti":[0,-1.667,0]},{"i":{"x":0.667,"y":0.667},"o":{"x":0.333,"y":0.333},"t":466.637,"s":[457.791,556.806,0],"to":[0,0,0],"ti":[0,0,0]},{"i":{"x":0.013,"y":1},"o":{"x":0.333,"y":0},"t":471.912,"s":[457.791,556.806,0],"to":[0,-1.667,0],"ti":[0,1.667,0]},{"i":{"x":0.667,"y":0.667},"o":{"x":0.333,"y":0.333},"t":479.823,"s":[457.791,546.806,0],"to":[0,0,0],"ti":[0,0,0]},{"i":{"x":0.001,"y":1},"o":{"x":0.333,"y":0},"t":510.074,"s":[457.791,546.806,0],"to":[0,1.667,0],"ti":[0,-1.667,0]},{"i":{"x":0.667,"y":0.667},"o":{"x":0.333,"y":0.333},"t":517.984,"s":[457.791,556.806,0],"to":[0,0,0],"ti":[0,0,0]},{"i":{"x":0.013,"y":1},"o":{"x":0.333,"y":0},"t":523.26,"s":[457.791,556.806,0],"to":[0,-1.667,0],"ti":[0,1.667,0]},{"i":{"x":0.833,"y":0.833},"o":{"x":0.167,"y":0.167},"t":531.17,"s":[457.791,546.806,0],"to":[0,0,0],"ti":[0,0,0]},{"i":{"x":0.001,"y":1},"o":{"x":0.333,"y":0},"t":579.334,"s":[457.791,546.806,0],"to":[0,1.667,0],"ti":[0,-1.667,0]},{"i":{"x":0.667,"y":0.667},"o":{"x":0.333,"y":0.333},"t":587.244,"s":[457.791,556.806,0],"to":[0,0,0],"ti":[0,0,0]},{"i":{"x":0.013,"y":1},"o":{"x":0.333,"y":0},"t":592.519,"s":[457.791,556.806,0],"to":[0,-1.667,0],"ti":[0,1.667,0]},{"i":{"x":0.667,"y":0.667},"o":{"x":0.167,"y":0.167},"t":600.43,"s":[457.791,546.806,0],"to":[0,0,0],"ti":[0,0,0]},{"i":{"x":0.001,"y":1},"o":{"x":0.333,"y":0},"t":636.951,"s":[457.791,546.806,0],"to":[0,1.667,0],"ti":[0,-1.667,0]},{"i":{"x":0.667,"y":0.667},"o":{"x":0.333,"y":0.333},"t":644.861,"s":[457.791,556.806,0],"to":[0,0,0],"ti":[0,0,0]},{"i":{"x":0.013,"y":1},"o":{"x":0.333,"y":0},"t":650.136,"s":[457.791,556.806,0],"to":[0,-1.667,0],"ti":[0,1.667,0]},{"i":{"x":0.833,"y":0.833},"o":{"x":0.167,"y":0.167},"t":658.047,"s":[457.791,546.806,0],"to":[0,0,0],"ti":[0,0,0]},{"i":{"x":0.001,"y":1},"o":{"x":0.333,"y":0},"t":693.672,"s":[457.791,546.806,0],"to":[0,1.667,0],"ti":[0,-1.667,0]},{"i":{"x":0.667,"y":0.667},"o":{"x":0.333,"y":0.333},"t":701.583,"s":[457.791,556.806,0],"to":[0,0,0],"ti":[0,0,0]},{"i":{"x":0.013,"y":1},"o":{"x":0.333,"y":0},"t":706.858,"s":[457.791,556.806,0],"to":[0,-1.667,0],"ti":[0,1.667,0]},{"i":{"x":0.667,"y":0.667},"o":{"x":0.333,"y":0.333},"t":714.768,"s":[457.791,546.806,0],"to":[0,0,0],"ti":[0,0,0]},{"i":{"x":0.001,"y":1},"o":{"x":0.333,"y":0},"t":767.111,"s":[457.791,546.806,0],"to":[0,1.667,0],"ti":[0,-1.667,0]},{"i":{"x":0.667,"y":0.667},"o":{"x":0.333,"y":0.333},"t":775.022,"s":[457.791,556.806,0],"to":[0,0,0],"ti":[0,0,0]},{"i":{"x":0.013,"y":1},"o":{"x":0.333,"y":0},"t":780.297,"s":[457.791,556.806,0],"to":[0,-1.667,0],"ti":[0,1.667,0]},{"i":{"x":0.833,"y":0.833},"o":{"x":0.167,"y":0.167},"t":788.207,"s":[457.791,546.806,0],"to":[0,0,0],"ti":[0,0,0]},{"i":{"x":0.001,"y":1},"o":{"x":0.333,"y":0},"t":836.371,"s":[457.791,546.806,0],"to":[0,1.667,0],"ti":[0,-1.667,0]},{"i":{"x":0.667,"y":0.667},"o":{"x":0.333,"y":0.333},"t":844.281,"s":[457.791,556.806,0],"to":[0,0,0],"ti":[0,0,0]},{"i":{"x":0.013,"y":1},"o":{"x":0.333,"y":0},"t":849.556,"s":[457.791,556.806,0],"to":[0,-1.667,0],"ti":[0,1.667,0]},{"i":{"x":0.667,"y":0.667},"o":{"x":0.167,"y":0.167},"t":857.467,"s":[457.791,546.806,0],"to":[0,0,0],"ti":[0,0,0]},{"i":{"x":0.001,"y":1},"o":{"x":0.333,"y":0},"t":893.987,"s":[457.791,546.806,0],"to":[0,1.667,0],"ti":[0,-1.667,0]},{"i":{"x":0.667,"y":0.667},"o":{"x":0.333,"y":0.333},"t":901.898,"s":[457.791,556.806,0],"to":[0,0,0],"ti":[0,0,0]},{"i":{"x":0.013,"y":1},"o":{"x":0.333,"y":0},"t":907.174,"s":[457.791,556.806,0],"to":[0,-1.667,0],"ti":[0,1.667,0]},{"t":915.084037272135,"s":[457.791,546.806,0]}],"ix":2},"a":{"a":0,"k":[120.463,93.47,0],"ix":1},"s":{"a":0,"k":[100,100,100],"ix":6}},"ao":0,"shapes":[{"ty":"gr","it":[{"ind":0,"ty":"sh","ix":1,"ks":{"a":0,"k":{"i":[[-4.096,-46.817],[18.726,-1.639],[4.096,46.817],[-18.727,1.639]],"o":[[4.096,46.817],[-18.727,1.638],[-4.096,-46.817],[18.727,-1.638]],"v":[[33.908,-2.967],[7.417,84.77],[-33.907,2.967],[-7.417,-84.77]],"c":true},"ix":2},"nm":"Path 1","mn":"ADBE Vector Shape - Group","hd":false},{"ty":"fl","c":{"a":0,"k":[0,0,0,1],"ix":4},"o":{"a":0,"k":100,"ix":5},"r":1,"bm":0,"nm":"Fill 1","mn":"ADBE Vector Graphic - Fill","hd":false},{"ty":"tr","p":{"a":1,"k":[{"i":{"x":0.001,"y":1},"o":{"x":0.333,"y":0},"t":3.663,"s":[202.672,86.658],"to":[0,0],"ti":[0,0]},{"i":{"x":0.667,"y":0.667},"o":{"x":0.333,"y":0.333},"t":24.76,"s":[147.172,90.033],"to":[0,0],"ti":[0,0]},{"i":{"x":0.001,"y":1},"o":{"x":0.333,"y":0},"t":54.414,"s":[147.172,90.033],"to":[0,0],"ti":[0,0]},{"i":{"x":0.833,"y":0.833},"o":{"x":0.167,"y":0.167},"t":75.51,"s":[202.672,86.658],"to":[0,0],"ti":[0,0]},{"i":{"x":0.001,"y":1},"o":{"x":0.333,"y":0},"t":110.538,"s":[202.672,86.658],"to":[0,0],"ti":[0,0]},{"i":{"x":0.667,"y":0.667},"o":{"x":0.167,"y":0.167},"t":131.635,"s":[147.172,90.033],"to":[0,0],"ti":[0,0]},{"i":{"x":0.001,"y":1},"o":{"x":0.333,"y":0},"t":168.155,"s":[147.172,90.033],"to":[0,0],"ti":[0,0]},{"i":{"x":0.833,"y":0.833},"o":{"x":0.167,"y":0.167},"t":189.252,"s":[202.672,86.658],"to":[0,0],"ti":[0,0]},{"i":{"x":0.001,"y":1},"o":{"x":0.333,"y":0},"t":224.875,"s":[202.672,86.658],"to":[0,0],"ti":[0,0]},{"i":{"x":0.667,"y":0.667},"o":{"x":0.333,"y":0.333},"t":245.973,"s":[147.172,90.033],"to":[0,0],"ti":[0,0]},{"i":{"x":0.001,"y":1},"o":{"x":0.333,"y":0},"t":280.403,"s":[147.172,90.033],"to":[0,0],"ti":[0,0]},{"i":{"x":0.833,"y":0.833},"o":{"x":0.167,"y":0.167},"t":301.499,"s":[202.672,86.658],"to":[0,0],"ti":[0,0]},{"i":{"x":0.001,"y":1},"o":{"x":0.333,"y":0},"t":349.663,"s":[202.672,86.658],"to":[0,0],"ti":[0,0]},{"i":{"x":0.667,"y":0.667},"o":{"x":0.167,"y":0.167},"t":370.759,"s":[147.172,90.033],"to":[0,0],"ti":[0,0]},{"i":{"x":0.001,"y":1},"o":{"x":0.333,"y":0},"t":407.28,"s":[147.172,90.033],"to":[0,0],"ti":[0,0]},{"i":{"x":0.833,"y":0.833},"o":{"x":0.167,"y":0.167},"t":428.376,"s":[202.672,86.658],"to":[0,0],"ti":[0,0]},{"i":{"x":0.001,"y":1},"o":{"x":0.333,"y":0},"t":458.726,"s":[202.672,86.658],"to":[0,0],"ti":[0,0]},{"i":{"x":0.667,"y":0.667},"o":{"x":0.333,"y":0.333},"t":479.823,"s":[147.172,90.033],"to":[0,0],"ti":[0,0]},{"i":{"x":0.001,"y":1},"o":{"x":0.333,"y":0},"t":510.074,"s":[147.172,90.033],"to":[0,0],"ti":[0,0]},{"i":{"x":0.833,"y":0.833},"o":{"x":0.167,"y":0.167},"t":531.17,"s":[202.672,86.658],"to":[0,0],"ti":[0,0]},{"i":{"x":0.001,"y":1},"o":{"x":0.333,"y":0},"t":579.334,"s":[202.672,86.658],"to":[0,0],"ti":[0,0]},{"i":{"x":0.667,"y":0.667},"o":{"x":0.167,"y":0.167},"t":600.43,"s":[147.172,90.033],"to":[0,0],"ti":[0,0]},{"i":{"x":0.001,"y":1},"o":{"x":0.333,"y":0},"t":636.951,"s":[147.172,90.033],"to":[0,0],"ti":[0,0]},{"i":{"x":0.833,"y":0.833},"o":{"x":0.167,"y":0.167},"t":658.047,"s":[202.672,86.658],"to":[0,0],"ti":[0,0]},{"i":{"x":0.001,"y":1},"o":{"x":0.333,"y":0},"t":693.672,"s":[202.672,86.658],"to":[0,0],"ti":[0,0]},{"i":{"x":0.667,"y":0.667},"o":{"x":0.333,"y":0.333},"t":714.768,"s":[147.172,90.033],"to":[0,0],"ti":[0,0]},{"i":{"x":0.001,"y":1},"o":{"x":0.333,"y":0},"t":767.111,"s":[147.172,90.033],"to":[0,0],"ti":[0,0]},{"i":{"x":0.833,"y":0.833},"o":{"x":0.167,"y":0.167},"t":788.207,"s":[202.672,86.658],"to":[0,0],"ti":[0,0]},{"i":{"x":0.001,"y":1},"o":{"x":0.333,"y":0},"t":836.371,"s":[202.672,86.658],"to":[0,0],"ti":[0,0]},{"i":{"x":0.667,"y":0.667},"o":{"x":0.167,"y":0.167},"t":857.467,"s":[147.172,90.033],"to":[0,0],"ti":[0,0]},{"i":{"x":0.001,"y":1},"o":{"x":0.333,"y":0},"t":893.987,"s":[147.172,90.033],"to":[0,0],"ti":[0,0]},{"t":915.084037272135,"s":[202.672,86.658]}],"ix":2},"a":{"a":0,"k":[0,0],"ix":1},"s":{"a":0,"k":[100,100],"ix":3},"r":{"a":0,"k":0,"ix":6},"o":{"a":0,"k":100,"ix":7},"sk":{"a":0,"k":0,"ix":4},"sa":{"a":0,"k":0,"ix":5},"nm":"Transform"}],"nm":"Group 1","np":2,"cix":2,"bm":0,"ix":1,"mn":"ADBE Vector Group","hd":false},{"ty":"gr","it":[{"ind":0,"ty":"sh","ix":1,"ks":{"a":0,"k":{"i":[[-6.529,-37.025],[12.342,-2.177],[6.528,37.025],[-12.342,2.176]],"o":[[6.529,37.025],[-12.341,2.176],[-6.529,-37.026],[12.342,-2.176]],"v":[[22.347,-1.479],[11.821,69.502],[-22.347,6.402],[-11.822,-64.579]],"c":true},"ix":2},"nm":"Path 1","mn":"ADBE Vector Shape - Group","hd":false},{"ty":"fl","c":{"a":0,"k":[0,0,0,1],"ix":4},"o":{"a":0,"k":100,"ix":5},"r":1,"bm":0,"nm":"Fill 1","mn":"ADBE Vector Graphic - Fill","hd":false},{"ty":"tr","p":{"a":1,"k":[{"i":{"x":0.001,"y":1},"o":{"x":0.333,"y":0},"t":3.663,"s":[29.125,117.473],"to":[0,0],"ti":[0,0]},{"i":{"x":0.667,"y":0.667},"o":{"x":0.333,"y":0.333},"t":24.76,"s":[-7.875,122.973],"to":[0,0],"ti":[0,0]},{"i":{"x":0.001,"y":1},"o":{"x":0.333,"y":0},"t":54.414,"s":[-7.875,122.973],"to":[0,0],"ti":[0,0]},{"i":{"x":0.833,"y":0.833},"o":{"x":0.167,"y":0.167},"t":75.51,"s":[29.125,117.473],"to":[0,0],"ti":[0,0]},{"i":{"x":0.001,"y":1},"o":{"x":0.333,"y":0},"t":110.538,"s":[29.125,117.473],"to":[0,0],"ti":[0,0]},{"i":{"x":0.667,"y":0.667},"o":{"x":0.167,"y":0.167},"t":131.635,"s":[-7.875,122.973],"to":[0,0],"ti":[0,0]},{"i":{"x":0.001,"y":1},"o":{"x":0.333,"y":0},"t":168.155,"s":[-7.875,122.973],"to":[0,0],"ti":[0,0]},{"i":{"x":0.833,"y":0.833},"o":{"x":0.167,"y":0.167},"t":189.252,"s":[29.125,117.473],"to":[0,0],"ti":[0,0]},{"i":{"x":0.001,"y":1},"o":{"x":0.333,"y":0},"t":224.875,"s":[29.125,117.473],"to":[0,0],"ti":[0,0]},{"i":{"x":0.667,"y":0.667},"o":{"x":0.333,"y":0.333},"t":245.973,"s":[-7.875,122.973],"to":[0,0],"ti":[0,0]},{"i":{"x":0.001,"y":1},"o":{"x":0.333,"y":0},"t":280.403,"s":[-7.875,122.973],"to":[0,0],"ti":[0,0]},{"i":{"x":0.833,"y":0.833},"o":{"x":0.167,"y":0.167},"t":301.499,"s":[29.125,117.473],"to":[0,0],"ti":[0,0]},{"i":{"x":0.001,"y":1},"o":{"x":0.333,"y":0},"t":349.663,"s":[29.125,117.473],"to":[0,0],"ti":[0,0]},{"i":{"x":0.667,"y":0.667},"o":{"x":0.167,"y":0.167},"t":370.759,"s":[-7.875,122.973],"to":[0,0],"ti":[0,0]},{"i":{"x":0.001,"y":1},"o":{"x":0.333,"y":0},"t":407.28,"s":[-7.875,122.973],"to":[0,0],"ti":[0,0]},{"i":{"x":0.833,"y":0.833},"o":{"x":0.167,"y":0.167},"t":428.376,"s":[29.125,117.473],"to":[0,0],"ti":[0,0]},{"i":{"x":0.001,"y":1},"o":{"x":0.333,"y":0},"t":458.726,"s":[29.125,117.473],"to":[0,0],"ti":[0,0]},{"i":{"x":0.667,"y":0.667},"o":{"x":0.333,"y":0.333},"t":479.823,"s":[-7.875,122.973],"to":[0,0],"ti":[0,0]},{"i":{"x":0.001,"y":1},"o":{"x":0.333,"y":0},"t":510.074,"s":[-7.875,122.973],"to":[0,0],"ti":[0,0]},{"i":{"x":0.833,"y":0.833},"o":{"x":0.167,"y":0.167},"t":531.17,"s":[29.125,117.473],"to":[0,0],"ti":[0,0]},{"i":{"x":0.001,"y":1},"o":{"x":0.333,"y":0},"t":579.334,"s":[29.125,117.473],"to":[0,0],"ti":[0,0]},{"i":{"x":0.667,"y":0.667},"o":{"x":0.167,"y":0.167},"t":600.43,"s":[-7.875,122.973],"to":[0,0],"ti":[0,0]},{"i":{"x":0.001,"y":1},"o":{"x":0.333,"y":0},"t":636.951,"s":[-7.875,122.973],"to":[0,0],"ti":[0,0]},{"i":{"x":0.833,"y":0.833},"o":{"x":0.167,"y":0.167},"t":658.047,"s":[29.125,117.473],"to":[0,0],"ti":[0,0]},{"i":{"x":0.001,"y":1},"o":{"x":0.333,"y":0},"t":693.672,"s":[29.125,117.473],"to":[0,0],"ti":[0,0]},{"i":{"x":0.667,"y":0.667},"o":{"x":0.333,"y":0.333},"t":714.768,"s":[-7.875,122.973],"to":[0,0],"ti":[0,0]},{"i":{"x":0.001,"y":1},"o":{"x":0.333,"y":0},"t":767.111,"s":[-7.875,122.973],"to":[0,0],"ti":[0,0]},{"i":{"x":0.833,"y":0.833},"o":{"x":0.167,"y":0.167},"t":788.207,"s":[29.125,117.473],"to":[0,0],"ti":[0,0]},{"i":{"x":0.001,"y":1},"o":{"x":0.333,"y":0},"t":836.371,"s":[29.125,117.473],"to":[0,0],"ti":[0,0]},{"i":{"x":0.667,"y":0.667},"o":{"x":0.167,"y":0.167},"t":857.467,"s":[-7.875,122.973],"to":[0,0],"ti":[0,0]},{"i":{"x":0.001,"y":1},"o":{"x":0.333,"y":0},"t":893.987,"s":[-7.875,122.973],"to":[0,0],"ti":[0,0]},{"t":915.084037272135,"s":[29.125,117.473]}],"ix":2},"a":{"a":0,"k":[0,0],"ix":1},"s":{"a":0,"k":[100,100],"ix":3},"r":{"a":0,"k":0,"ix":6},"o":{"a":0,"k":100,"ix":7},"sk":{"a":0,"k":0,"ix":4},"sa":{"a":0,"k":0,"ix":5},"nm":"Transform"}],"nm":"Group 2","np":2,"cix":2,"bm":0,"ix":2,"mn":"ADBE Vector Group","hd":false}],"ip":0,"op":1507.82406141493,"st":0,"bm":0},{"ddd":0,"ind":10,"ty":4,"nm":"Right Eye Open Outlines","sr":1,"ks":{"o":{"a":0,"k":100,"ix":11},"r":{"a":0,"k":0,"ix":10},"p":{"a":0,"k":[515.185,540,0],"ix":2},"a":{"a":0,"k":[93.211,173.884,0],"ix":1},"s":{"a":0,"k":[100,100,100],"ix":6}},"ao":0,"shapes":[{"ty":"gr","it":[{"ind":0,"ty":"sh","ix":1,"ks":{"a":0,"k":{"i":[[-8.192,-93.634],[46.817,-4.096],[8.192,93.633],[-46.817,4.096]],"o":[[8.192,93.634],[-46.816,4.096],[-8.191,-93.634],[46.817,-4.096]],"v":[[84.769,-7.417],[14.832,169.538],[-84.77,7.417],[-14.833,-169.538]],"c":true},"ix":2},"nm":"Path 1","mn":"ADBE Vector Shape - Group","hd":false},{"ty":"fl","c":{"a":0,"k":[1,1,1,1],"ix":4},"o":{"a":0,"k":100,"ix":5},"r":1,"bm":0,"nm":"Fill 1","mn":"ADBE Vector Graphic - Fill","hd":false},{"ty":"tr","p":{"a":0,"k":[93.211,173.885],"ix":2},"a":{"a":0,"k":[0,0],"ix":1},"s":{"a":0,"k":[100,100],"ix":3},"r":{"a":0,"k":0,"ix":6},"o":{"a":0,"k":100,"ix":7},"sk":{"a":0,"k":0,"ix":4},"sa":{"a":0,"k":0,"ix":5},"nm":"Transform"}],"nm":"Group 1","np":2,"cix":2,"bm":0,"ix":1,"mn":"ADBE Vector Group","hd":false}],"ip":0,"op":1507.82406141493,"st":0,"bm":0},{"ddd":0,"ind":11,"ty":4,"nm":"Left Eye Open Outlines","sr":1,"ks":{"o":{"a":0,"k":100,"ix":11},"r":{"a":0,"k":0,"ix":10},"p":{"a":0,"k":[348.634,573.952,0],"ix":2},"a":{"a":0,"k":[69.718,145.358,0],"ix":1},"s":{"a":0,"k":[100,100,100],"ix":6}},"ao":0,"shapes":[{"ty":"gr","it":[{"ind":0,"ty":"sh","ix":1,"ks":{"a":0,"k":{"i":[[-13.601,-77.136],[30.855,-5.44],[13.601,77.136],[-30.855,5.44]],"o":[[13.601,77.136],[-30.854,5.441],[-13.601,-77.136],[30.854,-5.441]],"v":[[55.867,-9.851],[24.627,139.667],[-55.867,9.851],[-24.627,-139.667]],"c":true},"ix":2},"nm":"Path 1","mn":"ADBE Vector Shape - Group","hd":false},{"ty":"fl","c":{"a":0,"k":[1,1,1,1],"ix":4},"o":{"a":0,"k":100,"ix":5},"r":1,"bm":0,"nm":"Fill 1","mn":"ADBE Vector Graphic - Fill","hd":false},{"ty":"tr","p":{"a":0,"k":[69.718,145.358],"ix":2},"a":{"a":0,"k":[0,0],"ix":1},"s":{"a":0,"k":[100,100],"ix":3},"r":{"a":0,"k":0,"ix":6},"o":{"a":0,"k":100,"ix":7},"sk":{"a":0,"k":0,"ix":4},"sa":{"a":0,"k":0,"ix":5},"nm":"Transform"}],"nm":"Group 1","np":2,"cix":2,"bm":0,"ix":1,"mn":"ADBE Vector Group","hd":false}],"ip":0,"op":1507.82406141493,"st":0,"bm":0},{"ddd":0,"ind":12,"ty":4,"nm":"Head Outlines","sr":1,"ks":{"o":{"a":0,"k":100,"ix":11},"r":{"a":0,"k":0,"ix":10},"p":{"a":0,"k":[540,540,0],"ix":2},"a":{"a":0,"k":[283.893,283.894,0],"ix":1},"s":{"a":0,"k":[100,100,100],"ix":6}},"ao":0,"shapes":[{"ty":"gr","it":[{"ind":0,"ty":"sh","ix":1,"ks":{"a":0,"k":{"i":[[0,-156.652],[156.652,0],[0,156.652],[-156.652,0]],"o":[[0,156.652],[-156.652,0],[0,-156.652],[156.652,0]],"v":[[283.643,0],[-0.001,283.644],[-283.644,0],[-0.001,-283.644]],"c":true},"ix":2},"nm":"Path 1","mn":"ADBE Vector Shape - Group","hd":false},{"ty":"fl","c":{"a":0,"k":[0.286274509804,0.360784313725,0.909803981407,1],"ix":4},"o":{"a":0,"k":100,"ix":5},"r":1,"bm":0,"nm":"Fill 1","mn":"ADBE Vector Graphic - Fill","hd":false},{"ty":"tr","p":{"a":0,"k":[283.893,283.894],"ix":2},"a":{"a":0,"k":[0,0],"ix":1},"s":{"a":0,"k":[100,100],"ix":3},"r":{"a":0,"k":0,"ix":6},"o":{"a":0,"k":100,"ix":7},"sk":{"a":0,"k":0,"ix":4},"sa":{"a":0,"k":0,"ix":5},"nm":"Transform"}],"nm":"Group 1","np":2,"cix":2,"bm":0,"ix":1,"mn":"ADBE Vector Group","hd":false}],"ip":0,"op":1507.82406141493,"st":0,"bm":0}]}],"layers":[{"ddd":0,"ind":1,"ty":0,"nm":"Cee Animation","refId":"comp_0","sr":1,"ks":{"o":{"a":0,"k":100,"ix":11},"r":{"a":0,"k":0,"ix":10},"p":{"a":0,"k":[350,330,0],"ix":2},"a":{"a":0,"k":[540,540,0],"ix":1},"s":{"a":0,"k":[100,100,100],"ix":6}},"ao":0,"w":1080,"h":1080,"ip":0,"op":1502.49606119792,"st":0,"bm":0}],"markers":[]}