{"v":"4.8.0","meta":{"g":"LottieFiles AE 3.1.1","a":"","k":"","d":"","tc":""},"fr":29.9700012207031,"ip":0,"op":100.000004073084,"w":700,"h":660,"nm":"Face Speed 0 to 30","ddd":0,"assets":[],"layers":[{"ddd":0,"ind":1,"ty":4,"nm":"Artwork 56 Outlines","sr":1,"ks":{"o":{"a":0,"k":100,"ix":11},"r":{"a":0,"k":-6,"ix":10},"p":{"a":0,"k":[304,338,0],"ix":2},"a":{"a":0,"k":[272.5,186.5,0],"ix":1},"s":{"a":0,"k":[108,108,100],"ix":6}},"ao":0,"shapes":[{"ty":"gr","it":[{"ind":0,"ty":"sh","ix":1,"ks":{"a":0,"k":{"i":[[0,0],[0,0],[0,0],[0,0]],"o":[[0,0],[0,0],[0,0],[0,0]],"v":[[-80.006,-30.734],[-85.586,-4.532],[80.005,30.734],[85.586,4.533]],"c":true},"ix":2},"nm":"Path 1","mn":"ADBE Vector Shape - Group","hd":false},{"ty":"fl","c":{"a":0,"k":[0,0,0,1],"ix":4},"o":{"a":0,"k":100,"ix":5},"r":1,"bm":0,"nm":"Fill 1","mn":"ADBE Vector Graphic - Fill","hd":false},{"ty":"tr","p":{"a":0,"k":[459.215,120.222],"ix":2},"a":{"a":0,"k":[0,0],"ix":1},"s":{"a":0,"k":[100,100],"ix":3},"r":{"a":0,"k":0,"ix":6},"o":{"a":0,"k":100,"ix":7},"sk":{"a":0,"k":0,"ix":4},"sa":{"a":0,"k":0,"ix":5},"nm":"Transform"}],"nm":"Group 1","np":2,"cix":2,"bm":0,"ix":1,"mn":"ADBE Vector Group","hd":false},{"ty":"gr","it":[{"ind":0,"ty":"sh","ix":1,"ks":{"a":0,"k":{"i":[[0,0],[0,0],[0,0],[0,0]],"o":[[0,0],[0,0],[0,0],[0,0]],"v":[[11.978,-17.155],[-19.033,-8.688],[-11.976,17.154],[19.033,8.688]],"c":true},"ix":2},"nm":"Path 1","mn":"ADBE Vector Shape - Group","hd":false},{"ty":"fl","c":{"a":0,"k":[0,0,0,1],"ix":4},"o":{"a":0,"k":100,"ix":5},"r":1,"bm":0,"nm":"Fill 1","mn":"ADBE Vector Graphic - Fill","hd":false},{"ty":"tr","p":{"a":0,"k":[196.195,129.255],"ix":2},"a":{"a":0,"k":[0,0],"ix":1},"s":{"a":0,"k":[100,100],"ix":3},"r":{"a":0,"k":0,"ix":6},"o":{"a":0,"k":100,"ix":7},"sk":{"a":0,"k":0,"ix":4},"sa":{"a":0,"k":0,"ix":5},"nm":"Transform"}],"nm":"Group 2","np":2,"cix":2,"bm":0,"ix":2,"mn":"ADBE Vector Group","hd":false},{"ty":"gr","it":[{"ind":0,"ty":"sh","ix":1,"ks":{"a":0,"k":{"i":[[33.217,0],[0,-87.863],[-33.217,0],[0,87.865]],"o":[[-34.288,0],[0,87.865],[33.217,0],[0,-87.863]],"v":[[0,-146.798],[-69.648,-0.001],[0,146.797],[69.649,-0.001]],"c":true},"ix":2},"nm":"Path 1","mn":"ADBE Vector Shape - Group","hd":false},{"ind":1,"ty":"sh","ix":2,"ks":{"a":0,"k":{"i":[[54.648,0],[0,97.509],[-54.647,0],[0,-97.507]],"o":[[-54.647,0],[0,-97.507],[54.648,0],[0,97.509]],"v":[[0,173.585],[-97.508,-0.001],[0,-173.585],[97.507,-0.001]],"c":true},"ix":2},"nm":"Path 2","mn":"ADBE Vector Shape - Group","hd":false},{"ty":"mm","mm":1,"nm":"Merge Paths 1","mn":"ADBE Vector Filter - Merge","hd":false},{"ty":"fl","c":{"a":0,"k":[0,0,0,1],"ix":4},"o":{"a":0,"k":100,"ix":5},"r":1,"bm":0,"nm":"Fill 1","mn":"ADBE Vector Graphic - Fill","hd":false},{"ty":"tr","p":{"a":0,"k":[97.507,197.141],"ix":2},"a":{"a":0,"k":[0,0],"ix":1},"s":{"a":0,"k":[100,100],"ix":3},"r":{"a":0,"k":0,"ix":6},"o":{"a":0,"k":100,"ix":7},"sk":{"a":0,"k":0,"ix":4},"sa":{"a":0,"k":0,"ix":5},"nm":"Transform"}],"nm":"Group 3","np":6,"cix":2,"bm":0,"ix":3,"mn":"ADBE Vector Group","hd":false},{"ty":"gr","it":[{"ind":0,"ty":"sh","ix":1,"ks":{"a":0,"k":{"i":[[40.717,0],[0,-86.792],[-40.718,0],[0,86.793]],"o":[[-41.789,0],[0,86.793],[41.788,0],[0,-86.792]],"v":[[0.001,-158.584],[-76.077,1.072],[0.001,160.728],[76.078,1.072]],"c":true},"ix":2},"nm":"Path 1","mn":"ADBE Vector Shape - Group","hd":false},{"ind":1,"ty":"sh","ix":2,"ks":{"a":0,"k":{"i":[[57.861,0],[0,105.008],[-58.934,0],[0,-105.008]],"o":[[-57.862,0],[0,-105.008],[57.861,0],[-1.072,105.008]],"v":[[0.001,186.443],[-103.937,0.001],[0.001,-186.443],[103.938,0.001]],"c":true},"ix":2},"nm":"Path 2","mn":"ADBE Vector Shape - Group","hd":false},{"ty":"mm","mm":1,"nm":"Merge Paths 1","mn":"ADBE Vector Filter - Merge","hd":false},{"ty":"fl","c":{"a":0,"k":[0,0,0,1],"ix":4},"o":{"a":0,"k":100,"ix":5},"r":1,"bm":0,"nm":"Fill 1","mn":"ADBE Vector Graphic - Fill","hd":false},{"ty":"tr","p":{"a":0,"k":[301.088,186.443],"ix":2},"a":{"a":0,"k":[0,0],"ix":1},"s":{"a":0,"k":[100,100],"ix":3},"r":{"a":0,"k":0,"ix":6},"o":{"a":0,"k":100,"ix":7},"sk":{"a":0,"k":0,"ix":4},"sa":{"a":0,"k":0,"ix":5},"nm":"Transform"}],"nm":"Group 4","np":6,"cix":2,"bm":0,"ix":4,"mn":"ADBE Vector Group","hd":false}],"ip":0,"op":2123.00008647156,"st":0,"bm":0},{"ddd":0,"ind":2,"ty":4,"nm":"Head Outlines 2","td":1,"sr":1,"ks":{"o":{"a":0,"k":100,"ix":11},"r":{"a":0,"k":0,"ix":10},"p":{"a":0,"k":[350,330,0],"ix":2},"a":{"a":0,"k":[283.893,283.894,0],"ix":1},"s":{"a":0,"k":[100,100,100],"ix":6}},"ao":0,"shapes":[{"ty":"gr","it":[{"ind":0,"ty":"sh","ix":1,"ks":{"a":0,"k":{"i":[[0,-156.652],[156.652,0],[0,156.652],[-156.652,0]],"o":[[0,156.652],[-156.652,0],[0,-156.652],[156.652,0]],"v":[[283.643,0],[-0.001,283.644],[-283.644,0],[-0.001,-283.644]],"c":true},"ix":2},"nm":"Path 1","mn":"ADBE Vector Shape - Group","hd":false},{"ty":"fl","c":{"a":0,"k":[0.286274509804,0.360784313725,0.909803981407,1],"ix":4},"o":{"a":0,"k":100,"ix":5},"r":1,"bm":0,"nm":"Fill 1","mn":"ADBE Vector Graphic - Fill","hd":false},{"ty":"tr","p":{"a":0,"k":[283.893,283.894],"ix":2},"a":{"a":0,"k":[0,0],"ix":1},"s":{"a":0,"k":[100,100],"ix":3},"r":{"a":0,"k":0,"ix":6},"o":{"a":0,"k":100,"ix":7},"sk":{"a":0,"k":0,"ix":4},"sa":{"a":0,"k":0,"ix":5},"nm":"Transform"}],"nm":"Group 1","np":2,"cix":2,"bm":0,"ix":1,"mn":"ADBE Vector Group","hd":false}],"ip":0,"op":1507.82406141493,"st":0,"bm":0},{"ddd":0,"ind":3,"ty":4,"nm":"Left Eyelid Outlines 2","tt":1,"sr":1,"ks":{"o":{"a":0,"k":100,"ix":11},"r":{"a":0,"k":180,"ix":10},"p":{"a":1,"k":[{"i":{"x":0.833,"y":0.833},"o":{"x":0.333,"y":0},"t":4,"s":[169.707,544.668,0],"to":[0,-7.833,0],"ti":[0,7.833,0]},{"i":{"x":0.833,"y":0.833},"o":{"x":0.333,"y":0.333},"t":12,"s":[169.707,497.668,0],"to":[0,0,0],"ti":[0,0,0]},{"i":{"x":0.833,"y":0.833},"o":{"x":0.333,"y":0},"t":17,"s":[169.707,497.668,0],"to":[0,7.833,0],"ti":[0,-7.833,0]},{"i":{"x":0.833,"y":0.833},"o":{"x":0.333,"y":0.333},"t":25,"s":[169.707,544.668,0],"to":[0,0,0],"ti":[0,0,0]},{"i":{"x":0.833,"y":0.833},"o":{"x":0.333,"y":0},"t":54,"s":[169.707,544.668,0],"to":[0,-7.833,0],"ti":[0,7.833,0]},{"i":{"x":0.833,"y":0.833},"o":{"x":0.333,"y":0.333},"t":62,"s":[169.707,497.668,0],"to":[0,0,0],"ti":[0,0,0]},{"i":{"x":0.833,"y":0.833},"o":{"x":0.333,"y":0},"t":67,"s":[169.707,497.668,0],"to":[0,7.833,0],"ti":[0,-7.833,0]},{"t":75.0000030548126,"s":[169.707,544.668,0]}],"ix":2},"a":{"a":0,"k":[70.624,140.152,0],"ix":1},"s":{"a":0,"k":[100,100,100],"ix":6}},"ao":0,"shapes":[{"ty":"gr","it":[{"ind":0,"ty":"sh","ix":1,"ks":{"a":0,"k":{"i":[[0,0],[0,0],[0,0],[0,0]],"o":[[0,0],[0,0],[0,0],[0,0]],"v":[[-57.608,139.902],[70.374,114.874],[52.339,-139.903],[-70.374,-67.416]],"c":true},"ix":2},"nm":"Path 1","mn":"ADBE Vector Shape - Group","hd":false},{"ty":"fl","c":{"a":0,"k":[0.286274509804,0.360784313725,0.909803981407,1],"ix":4},"o":{"a":0,"k":100,"ix":5},"r":1,"bm":0,"nm":"Fill 1","mn":"ADBE Vector Graphic - Fill","hd":false},{"ty":"tr","p":{"a":0,"k":[70.624,140.152],"ix":2},"a":{"a":0,"k":[0,0],"ix":1},"s":{"a":0,"k":[100,100],"ix":3},"r":{"a":0,"k":0,"ix":6},"o":{"a":0,"k":100,"ix":7},"sk":{"a":0,"k":0,"ix":4},"sa":{"a":0,"k":0,"ix":5},"nm":"Transform"}],"nm":"Group 1","np":2,"cix":2,"bm":0,"ix":1,"mn":"ADBE Vector Group","hd":false}],"ip":0,"op":1507.82406141493,"st":0,"bm":0},{"ddd":0,"ind":4,"ty":4,"nm":"Head Outlines 3","td":1,"sr":1,"ks":{"o":{"a":0,"k":100,"ix":11},"r":{"a":0,"k":0,"ix":10},"p":{"a":0,"k":[350,330,0],"ix":2},"a":{"a":0,"k":[283.893,283.894,0],"ix":1},"s":{"a":0,"k":[100,100,100],"ix":6}},"ao":0,"shapes":[{"ty":"gr","it":[{"ind":0,"ty":"sh","ix":1,"ks":{"a":0,"k":{"i":[[0,-156.652],[156.652,0],[0,156.652],[-156.652,0]],"o":[[0,156.652],[-156.652,0],[0,-156.652],[156.652,0]],"v":[[283.643,0],[-0.001,283.644],[-283.644,0],[-0.001,-283.644]],"c":true},"ix":2},"nm":"Path 1","mn":"ADBE Vector Shape - Group","hd":false},{"ty":"fl","c":{"a":0,"k":[0.286274509804,0.360784313725,0.909803981407,1],"ix":4},"o":{"a":0,"k":100,"ix":5},"r":1,"bm":0,"nm":"Fill 1","mn":"ADBE Vector Graphic - Fill","hd":false},{"ty":"tr","p":{"a":0,"k":[283.893,283.894],"ix":2},"a":{"a":0,"k":[0,0],"ix":1},"s":{"a":0,"k":[100,100],"ix":3},"r":{"a":0,"k":0,"ix":6},"o":{"a":0,"k":100,"ix":7},"sk":{"a":0,"k":0,"ix":4},"sa":{"a":0,"k":0,"ix":5},"nm":"Transform"}],"nm":"Group 1","np":2,"cix":2,"bm":0,"ix":1,"mn":"ADBE Vector Group","hd":false}],"ip":0,"op":1507.82406141493,"st":0,"bm":0},{"ddd":0,"ind":5,"ty":4,"nm":"Right Eyelid Outlines 2","tt":1,"sr":1,"ks":{"o":{"a":0,"k":100,"ix":11},"r":{"a":0,"k":180,"ix":10},"p":{"a":1,"k":[{"i":{"x":0.833,"y":0.833},"o":{"x":0.333,"y":0},"t":4,"s":[349.913,523.59,0],"to":[0,-7.333,0],"ti":[0,7.333,0]},{"i":{"x":0.833,"y":0.833},"o":{"x":0.333,"y":0.333},"t":12,"s":[349.913,479.59,0],"to":[0,0,0],"ti":[0,0,0]},{"i":{"x":0.833,"y":0.833},"o":{"x":0.333,"y":0},"t":17,"s":[349.913,479.59,0],"to":[0,7.333,0],"ti":[0,-7.333,0]},{"i":{"x":0.833,"y":0.833},"o":{"x":0.333,"y":0.333},"t":25,"s":[349.913,523.59,0],"to":[0,0,0],"ti":[0,0,0]},{"i":{"x":0.833,"y":0.833},"o":{"x":0.333,"y":0},"t":54,"s":[349.913,523.59,0],"to":[0,-7.333,0],"ti":[0,7.333,0]},{"i":{"x":0.833,"y":0.833},"o":{"x":0.333,"y":0.333},"t":62,"s":[349.913,479.59,0],"to":[0,0,0],"ti":[0,0,0]},{"i":{"x":0.833,"y":0.833},"o":{"x":0.333,"y":0},"t":67,"s":[349.913,479.59,0],"to":[0,7.333,0],"ti":[0,-7.333,0]},{"t":75.0000030548126,"s":[349.913,523.59,0]}],"ix":2},"a":{"a":0,"k":[98.411,143.93,0],"ix":1},"s":{"a":0,"k":[100,100,100],"ix":6}},"ao":0,"shapes":[{"ty":"gr","it":[{"ind":0,"ty":"sh","ix":1,"ks":{"a":0,"k":{"i":[[0,0],[0,0],[0,0],[0,0]],"o":[[0,0],[0,0],[0,0],[0,0]],"v":[[-79.068,143.68],[98.161,128.175],[98.161,-143.68],[-98.161,-143.68]],"c":true},"ix":2},"nm":"Path 1","mn":"ADBE Vector Shape - Group","hd":false},{"ty":"fl","c":{"a":0,"k":[0.286274509804,0.360784313725,0.909803981407,1],"ix":4},"o":{"a":0,"k":100,"ix":5},"r":1,"bm":0,"nm":"Fill 1","mn":"ADBE Vector Graphic - Fill","hd":false},{"ty":"tr","p":{"a":0,"k":[98.411,143.93],"ix":2},"a":{"a":0,"k":[0,0],"ix":1},"s":{"a":0,"k":[100,100],"ix":3},"r":{"a":0,"k":0,"ix":6},"o":{"a":0,"k":100,"ix":7},"sk":{"a":0,"k":0,"ix":4},"sa":{"a":0,"k":0,"ix":5},"nm":"Transform"}],"nm":"Group 1","np":2,"cix":2,"bm":0,"ix":1,"mn":"ADBE Vector Group","hd":false}],"ip":0,"op":1507.82406141493,"st":0,"bm":0},{"ddd":0,"ind":6,"ty":4,"nm":"Head Outlines 4","td":1,"sr":1,"ks":{"o":{"a":0,"k":100,"ix":11},"r":{"a":0,"k":0,"ix":10},"p":{"a":0,"k":[350,330,0],"ix":2},"a":{"a":0,"k":[283.893,283.894,0],"ix":1},"s":{"a":0,"k":[100,100,100],"ix":6}},"ao":0,"shapes":[{"ty":"gr","it":[{"ind":0,"ty":"sh","ix":1,"ks":{"a":0,"k":{"i":[[0,-156.652],[156.652,0],[0,156.652],[-156.652,0]],"o":[[0,156.652],[-156.652,0],[0,-156.652],[156.652,0]],"v":[[283.643,0],[-0.001,283.644],[-283.644,0],[-0.001,-283.644]],"c":true},"ix":2},"nm":"Path 1","mn":"ADBE Vector Shape - Group","hd":false},{"ty":"fl","c":{"a":0,"k":[0.286274509804,0.360784313725,0.909803981407,1],"ix":4},"o":{"a":0,"k":100,"ix":5},"r":1,"bm":0,"nm":"Fill 1","mn":"ADBE Vector Graphic - Fill","hd":false},{"ty":"tr","p":{"a":0,"k":[283.893,283.894],"ix":2},"a":{"a":0,"k":[0,0],"ix":1},"s":{"a":0,"k":[100,100],"ix":3},"r":{"a":0,"k":0,"ix":6},"o":{"a":0,"k":100,"ix":7},"sk":{"a":0,"k":0,"ix":4},"sa":{"a":0,"k":0,"ix":5},"nm":"Transform"}],"nm":"Group 1","np":2,"cix":2,"bm":0,"ix":1,"mn":"ADBE Vector Group","hd":false}],"ip":0,"op":1507.82406141493,"st":0,"bm":0},{"ddd":0,"ind":7,"ty":4,"nm":"Right Eyelid Outlines","tt":1,"sr":1,"ks":{"o":{"a":0,"k":100,"ix":11},"r":{"a":0,"k":0,"ix":10},"p":{"a":1,"k":[{"i":{"x":0.833,"y":0.833},"o":{"x":0.333,"y":0},"t":4,"s":[311.864,162.955,0],"to":[1.667,8,0],"ti":[-1.667,-8,0]},{"i":{"x":0.833,"y":0.833},"o":{"x":0.333,"y":0.333},"t":12,"s":[321.864,210.955,0],"to":[0,0,0],"ti":[0,0,0]},{"i":{"x":0.833,"y":0.833},"o":{"x":0.333,"y":0},"t":17,"s":[321.864,210.955,0],"to":[-1.667,-8,0],"ti":[1.667,8,0]},{"i":{"x":0.833,"y":0.833},"o":{"x":0.333,"y":0.333},"t":25,"s":[311.864,162.955,0],"to":[0,0,0],"ti":[0,0,0]},{"i":{"x":0.833,"y":0.833},"o":{"x":0.333,"y":0},"t":54,"s":[311.864,162.955,0],"to":[1.667,8,0],"ti":[-1.667,-8,0]},{"i":{"x":0.833,"y":0.833},"o":{"x":0.333,"y":0.333},"t":62,"s":[321.864,210.955,0],"to":[0,0,0],"ti":[0,0,0]},{"i":{"x":0.833,"y":0.833},"o":{"x":0.333,"y":0},"t":67,"s":[321.864,210.955,0],"to":[-1.667,-8,0],"ti":[1.667,8,0]},{"t":75.0000030548126,"s":[311.864,162.955,0]}],"ix":2},"a":{"a":0,"k":[98.411,143.93,0],"ix":1},"s":{"a":0,"k":[100,100,100],"ix":6}},"ao":0,"shapes":[{"ty":"gr","it":[{"ind":0,"ty":"sh","ix":1,"ks":{"a":0,"k":{"i":[[0,0],[0,0],[0,0],[0,0]],"o":[[0,0],[0,0],[0,0],[0,0]],"v":[[-79.068,143.68],[98.161,128.175],[98.161,-143.68],[-98.161,-143.68]],"c":true},"ix":2},"nm":"Path 1","mn":"ADBE Vector Shape - Group","hd":false},{"ty":"fl","c":{"a":0,"k":[0.286274509804,0.360784313725,0.909803981407,1],"ix":4},"o":{"a":0,"k":100,"ix":5},"r":1,"bm":0,"nm":"Fill 1","mn":"ADBE Vector Graphic - Fill","hd":false},{"ty":"tr","p":{"a":0,"k":[98.411,143.93],"ix":2},"a":{"a":0,"k":[0,0],"ix":1},"s":{"a":0,"k":[100,100],"ix":3},"r":{"a":0,"k":0,"ix":6},"o":{"a":0,"k":100,"ix":7},"sk":{"a":0,"k":0,"ix":4},"sa":{"a":0,"k":0,"ix":5},"nm":"Transform"}],"nm":"Group 1","np":2,"cix":2,"bm":0,"ix":1,"mn":"ADBE Vector Group","hd":false}],"ip":0,"op":1507.82406141493,"st":0,"bm":0},{"ddd":0,"ind":8,"ty":4,"nm":"Head Outlines 5","td":1,"sr":1,"ks":{"o":{"a":0,"k":100,"ix":11},"r":{"a":0,"k":0,"ix":10},"p":{"a":0,"k":[350,330,0],"ix":2},"a":{"a":0,"k":[283.893,283.894,0],"ix":1},"s":{"a":0,"k":[100,100,100],"ix":6}},"ao":0,"shapes":[{"ty":"gr","it":[{"ind":0,"ty":"sh","ix":1,"ks":{"a":0,"k":{"i":[[0,-156.652],[156.652,0],[0,156.652],[-156.652,0]],"o":[[0,156.652],[-156.652,0],[0,-156.652],[156.652,0]],"v":[[283.643,0],[-0.001,283.644],[-283.644,0],[-0.001,-283.644]],"c":true},"ix":2},"nm":"Path 1","mn":"ADBE Vector Shape - Group","hd":false},{"ty":"fl","c":{"a":0,"k":[0.286274509804,0.360784313725,0.909803981407,1],"ix":4},"o":{"a":0,"k":100,"ix":5},"r":1,"bm":0,"nm":"Fill 1","mn":"ADBE Vector Graphic - Fill","hd":false},{"ty":"tr","p":{"a":0,"k":[283.893,283.894],"ix":2},"a":{"a":0,"k":[0,0],"ix":1},"s":{"a":0,"k":[100,100],"ix":3},"r":{"a":0,"k":0,"ix":6},"o":{"a":0,"k":100,"ix":7},"sk":{"a":0,"k":0,"ix":4},"sa":{"a":0,"k":0,"ix":5},"nm":"Transform"}],"nm":"Group 1","np":2,"cix":2,"bm":0,"ix":1,"mn":"ADBE Vector Group","hd":false}],"ip":0,"op":1507.82406141493,"st":0,"bm":0},{"ddd":0,"ind":9,"ty":4,"nm":"Left Eyelid Outlines","tt":1,"sr":1,"ks":{"o":{"a":0,"k":100,"ix":11},"r":{"a":0,"k":0,"ix":10},"p":{"a":1,"k":[{"i":{"x":0.833,"y":0.833},"o":{"x":0.333,"y":0},"t":4,"s":[144.658,201.643,0],"to":[0,7.833,0],"ti":[0,-7.833,0]},{"i":{"x":0.833,"y":0.833},"o":{"x":0.333,"y":0.333},"t":12,"s":[144.658,248.643,0],"to":[0,0,0],"ti":[0,0,0]},{"i":{"x":0.833,"y":0.833},"o":{"x":0.333,"y":0},"t":17,"s":[144.658,248.643,0],"to":[0,-7.833,0],"ti":[0,7.833,0]},{"i":{"x":0.833,"y":0.833},"o":{"x":0.333,"y":0.333},"t":25,"s":[144.658,201.643,0],"to":[0,0,0],"ti":[0,0,0]},{"i":{"x":0.833,"y":0.833},"o":{"x":0.333,"y":0},"t":54,"s":[144.658,201.643,0],"to":[0,7.833,0],"ti":[0,-7.833,0]},{"i":{"x":0.833,"y":0.833},"o":{"x":0.333,"y":0.333},"t":62,"s":[144.658,248.643,0],"to":[0,0,0],"ti":[0,0,0]},{"i":{"x":0.833,"y":0.833},"o":{"x":0.333,"y":0},"t":67,"s":[144.658,248.643,0],"to":[0,-7.833,0],"ti":[0,7.833,0]},{"t":75.0000030548126,"s":[144.658,201.643,0]}],"ix":2},"a":{"a":0,"k":[70.624,140.152,0],"ix":1},"s":{"a":0,"k":[100,100,100],"ix":6}},"ao":0,"shapes":[{"ty":"gr","it":[{"ind":0,"ty":"sh","ix":1,"ks":{"a":0,"k":{"i":[[0,0],[0,0],[0,0],[0,0]],"o":[[0,0],[0,0],[0,0],[0,0]],"v":[[-57.608,139.902],[70.374,114.874],[52.339,-139.903],[-70.374,-67.416]],"c":true},"ix":2},"nm":"Path 1","mn":"ADBE Vector Shape - Group","hd":false},{"ty":"fl","c":{"a":0,"k":[0.286274509804,0.360784313725,0.909803981407,1],"ix":4},"o":{"a":0,"k":100,"ix":5},"r":1,"bm":0,"nm":"Fill 1","mn":"ADBE Vector Graphic - Fill","hd":false},{"ty":"tr","p":{"a":0,"k":[70.624,140.152],"ix":2},"a":{"a":0,"k":[0,0],"ix":1},"s":{"a":0,"k":[100,100],"ix":3},"r":{"a":0,"k":0,"ix":6},"o":{"a":0,"k":100,"ix":7},"sk":{"a":0,"k":0,"ix":4},"sa":{"a":0,"k":0,"ix":5},"nm":"Transform"}],"nm":"Group 1","np":2,"cix":2,"bm":0,"ix":1,"mn":"ADBE Vector Group","hd":false}],"ip":0,"op":1507.82406141493,"st":0,"bm":0},{"ddd":0,"ind":10,"ty":4,"nm":"Eyes to Right Outlines","sr":1,"ks":{"o":{"a":0,"k":100,"ix":11},"r":{"a":0,"k":0,"ix":10},"p":{"a":1,"k":[{"i":{"x":0.001,"y":1},"o":{"x":0.333,"y":0},"t":4,"s":[267.791,336.806,0],"to":[0,1.667,0],"ti":[0,-1.667,0]},{"i":{"x":0.667,"y":0.667},"o":{"x":0.333,"y":0.333},"t":11.91,"s":[267.791,346.806,0],"to":[0,0,0],"ti":[0,0,0]},{"i":{"x":0.013,"y":1},"o":{"x":0.333,"y":0},"t":17.186,"s":[267.791,346.806,0],"to":[0,-1.667,0],"ti":[0,1.667,0]},{"i":{"x":0.667,"y":0.667},"o":{"x":0.333,"y":0.333},"t":25.098,"s":[267.791,336.806,0],"to":[0,0,0],"ti":[0,0,0]},{"i":{"x":0.001,"y":1},"o":{"x":0.333,"y":0},"t":54,"s":[267.791,336.806,0],"to":[0,1.667,0],"ti":[0,-1.667,0]},{"i":{"x":0.667,"y":0.667},"o":{"x":0.333,"y":0.333},"t":61.91,"s":[267.791,346.806,0],"to":[0,0,0],"ti":[0,0,0]},{"i":{"x":0.013,"y":1},"o":{"x":0.333,"y":0},"t":67.185,"s":[267.791,346.806,0],"to":[0,-1.667,0],"ti":[0,1.667,0]},{"t":75.096253058733,"s":[267.791,336.806,0]}],"ix":2},"a":{"a":0,"k":[120.463,93.47,0],"ix":1},"s":{"a":0,"k":[100,100,100],"ix":6}},"ao":0,"shapes":[{"ty":"gr","it":[{"ind":0,"ty":"sh","ix":1,"ks":{"a":0,"k":{"i":[[-4.096,-46.817],[18.726,-1.639],[4.096,46.817],[-18.727,1.639]],"o":[[4.096,46.817],[-18.727,1.638],[-4.096,-46.817],[18.727,-1.638]],"v":[[33.908,-2.967],[7.417,84.77],[-33.907,2.967],[-7.417,-84.77]],"c":true},"ix":2},"nm":"Path 1","mn":"ADBE Vector Shape - Group","hd":false},{"ty":"fl","c":{"a":0,"k":[0,0,0,1],"ix":4},"o":{"a":0,"k":100,"ix":5},"r":1,"bm":0,"nm":"Fill 1","mn":"ADBE Vector Graphic - Fill","hd":false},{"ty":"tr","p":{"a":1,"k":[{"i":{"x":0.001,"y":1},"o":{"x":0.333,"y":0},"t":4,"s":[202.672,86.658],"to":[0,0],"ti":[0,0]},{"i":{"x":0.667,"y":0.667},"o":{"x":0.333,"y":0.333},"t":25.098,"s":[147.172,90.033],"to":[0,0],"ti":[0,0]},{"i":{"x":0.001,"y":1},"o":{"x":0.333,"y":0},"t":54,"s":[147.172,90.033],"to":[0,0],"ti":[0,0]},{"t":75.096253058733,"s":[202.672,86.658]}],"ix":2},"a":{"a":0,"k":[0,0],"ix":1},"s":{"a":0,"k":[100,100],"ix":3},"r":{"a":0,"k":0,"ix":6},"o":{"a":0,"k":100,"ix":7},"sk":{"a":0,"k":0,"ix":4},"sa":{"a":0,"k":0,"ix":5},"nm":"Transform"}],"nm":"Group 1","np":2,"cix":2,"bm":0,"ix":1,"mn":"ADBE Vector Group","hd":false},{"ty":"gr","it":[{"ind":0,"ty":"sh","ix":1,"ks":{"a":0,"k":{"i":[[-6.529,-37.025],[12.342,-2.177],[6.528,37.025],[-12.342,2.176]],"o":[[6.529,37.025],[-12.341,2.176],[-6.529,-37.026],[12.342,-2.176]],"v":[[22.347,-1.479],[11.821,69.502],[-22.347,6.402],[-11.822,-64.579]],"c":true},"ix":2},"nm":"Path 1","mn":"ADBE Vector Shape - Group","hd":false},{"ty":"fl","c":{"a":0,"k":[0,0,0,1],"ix":4},"o":{"a":0,"k":100,"ix":5},"r":1,"bm":0,"nm":"Fill 1","mn":"ADBE Vector Graphic - Fill","hd":false},{"ty":"tr","p":{"a":1,"k":[{"i":{"x":0.001,"y":1},"o":{"x":0.333,"y":0},"t":4,"s":[29.125,117.473],"to":[0,0],"ti":[0,0]},{"i":{"x":0.667,"y":0.667},"o":{"x":0.333,"y":0.333},"t":25.098,"s":[-7.875,122.973],"to":[0,0],"ti":[0,0]},{"i":{"x":0.001,"y":1},"o":{"x":0.333,"y":0},"t":54,"s":[-7.875,122.973],"to":[0,0],"ti":[0,0]},{"t":75.096253058733,"s":[29.125,117.473]}],"ix":2},"a":{"a":0,"k":[0,0],"ix":1},"s":{"a":0,"k":[100,100],"ix":3},"r":{"a":0,"k":0,"ix":6},"o":{"a":0,"k":100,"ix":7},"sk":{"a":0,"k":0,"ix":4},"sa":{"a":0,"k":0,"ix":5},"nm":"Transform"}],"nm":"Group 2","np":2,"cix":2,"bm":0,"ix":2,"mn":"ADBE Vector Group","hd":false}],"ip":0,"op":1507.82406141493,"st":0,"bm":0},{"ddd":0,"ind":11,"ty":4,"nm":"Right Eye Open Outlines","sr":1,"ks":{"o":{"a":0,"k":100,"ix":11},"r":{"a":0,"k":0,"ix":10},"p":{"a":0,"k":[325.185,330,0],"ix":2},"a":{"a":0,"k":[93.211,173.884,0],"ix":1},"s":{"a":0,"k":[100,100,100],"ix":6}},"ao":0,"shapes":[{"ty":"gr","it":[{"ind":0,"ty":"sh","ix":1,"ks":{"a":0,"k":{"i":[[-8.192,-93.634],[46.817,-4.096],[8.192,93.633],[-46.817,4.096]],"o":[[8.192,93.634],[-46.816,4.096],[-8.191,-93.634],[46.817,-4.096]],"v":[[84.769,-7.417],[14.832,169.538],[-84.77,7.417],[-14.833,-169.538]],"c":true},"ix":2},"nm":"Path 1","mn":"ADBE Vector Shape - Group","hd":false},{"ty":"fl","c":{"a":0,"k":[1,1,1,1],"ix":4},"o":{"a":0,"k":100,"ix":5},"r":1,"bm":0,"nm":"Fill 1","mn":"ADBE Vector Graphic - Fill","hd":false},{"ty":"tr","p":{"a":0,"k":[93.211,173.885],"ix":2},"a":{"a":0,"k":[0,0],"ix":1},"s":{"a":0,"k":[100,100],"ix":3},"r":{"a":0,"k":0,"ix":6},"o":{"a":0,"k":100,"ix":7},"sk":{"a":0,"k":0,"ix":4},"sa":{"a":0,"k":0,"ix":5},"nm":"Transform"}],"nm":"Group 1","np":2,"cix":2,"bm":0,"ix":1,"mn":"ADBE Vector Group","hd":false}],"ip":0,"op":1507.82406141493,"st":0,"bm":0},{"ddd":0,"ind":12,"ty":4,"nm":"Left Eye Open Outlines","sr":1,"ks":{"o":{"a":0,"k":100,"ix":11},"r":{"a":0,"k":0,"ix":10},"p":{"a":0,"k":[158.634,363.952,0],"ix":2},"a":{"a":0,"k":[69.718,145.358,0],"ix":1},"s":{"a":0,"k":[100,100,100],"ix":6}},"ao":0,"shapes":[{"ty":"gr","it":[{"ind":0,"ty":"sh","ix":1,"ks":{"a":0,"k":{"i":[[-13.601,-77.136],[30.855,-5.44],[13.601,77.136],[-30.855,5.44]],"o":[[13.601,77.136],[-30.854,5.441],[-13.601,-77.136],[30.854,-5.441]],"v":[[55.867,-9.851],[24.627,139.667],[-55.867,9.851],[-24.627,-139.667]],"c":true},"ix":2},"nm":"Path 1","mn":"ADBE Vector Shape - Group","hd":false},{"ty":"fl","c":{"a":0,"k":[1,1,1,1],"ix":4},"o":{"a":0,"k":100,"ix":5},"r":1,"bm":0,"nm":"Fill 1","mn":"ADBE Vector Graphic - Fill","hd":false},{"ty":"tr","p":{"a":0,"k":[69.718,145.358],"ix":2},"a":{"a":0,"k":[0,0],"ix":1},"s":{"a":0,"k":[100,100],"ix":3},"r":{"a":0,"k":0,"ix":6},"o":{"a":0,"k":100,"ix":7},"sk":{"a":0,"k":0,"ix":4},"sa":{"a":0,"k":0,"ix":5},"nm":"Transform"}],"nm":"Group 1","np":2,"cix":2,"bm":0,"ix":1,"mn":"ADBE Vector Group","hd":false}],"ip":0,"op":1507.82406141493,"st":0,"bm":0},{"ddd":0,"ind":13,"ty":4,"nm":"Head Outlines","sr":1,"ks":{"o":{"a":0,"k":100,"ix":11},"r":{"a":0,"k":0,"ix":10},"p":{"a":0,"k":[350,330,0],"ix":2},"a":{"a":0,"k":[283.893,283.894,0],"ix":1},"s":{"a":0,"k":[100,100,100],"ix":6}},"ao":0,"shapes":[{"ty":"gr","it":[{"ind":0,"ty":"sh","ix":1,"ks":{"a":0,"k":{"i":[[0,-156.652],[156.652,0],[0,156.652],[-156.652,0]],"o":[[0,156.652],[-156.652,0],[0,-156.652],[156.652,0]],"v":[[283.643,0],[-0.001,283.644],[-283.644,0],[-0.001,-283.644]],"c":true},"ix":2},"nm":"Path 1","mn":"ADBE Vector Shape - Group","hd":false},{"ty":"fl","c":{"a":0,"k":[0.286274509804,0.360784313725,0.909803981407,1],"ix":4},"o":{"a":0,"k":100,"ix":5},"r":1,"bm":0,"nm":"Fill 1","mn":"ADBE Vector Graphic - Fill","hd":false},{"ty":"tr","p":{"a":0,"k":[283.893,283.894],"ix":2},"a":{"a":0,"k":[0,0],"ix":1},"s":{"a":0,"k":[100,100],"ix":3},"r":{"a":0,"k":0,"ix":6},"o":{"a":0,"k":100,"ix":7},"sk":{"a":0,"k":0,"ix":4},"sa":{"a":0,"k":0,"ix":5},"nm":"Transform"}],"nm":"Group 1","np":2,"cix":2,"bm":0,"ix":1,"mn":"ADBE Vector Group","hd":false}],"ip":0,"op":1507.82406141493,"st":0,"bm":0}],"markers":[]}